date,bike_count
2012-04-25,4593.0
2012-04-26,5849.0
2012-04-27,5846.0
2012-04-28,4261.0
2012-04-29,1901.0
2012-04-30,5732.0
2012-05-01,2558.0
2012-05-02,5856.0
2012-05-03,6738.0
2012-05-04,6309.0
2012-05-05,2602.0
2012-05-06,1368.0
2012-05-07,4611.0
2012-05-08,6037.0
2012-05-09,5929.0
2012-05-10,6776.0
2012-05-11,5987.0
2012-05-12,3799.0
2012-05-13,2267.0
2012-05-14,6176.0
2012-05-15,5209.0
2012-05-16,4452.0
2012-05-17,2128.0
2012-05-18,5332.0
2012-05-19,3468.0
2012-05-20,2103.0
2012-05-21,6353.0
2012-05-22,6363.0
2012-05-23,6339.0
2012-05-24,6977.0
2012-05-25,6781.0
2012-05-26,4208.0
2012-05-27,1728.0
2012-05-28,1893.0
2012-05-29,5859.0
2012-05-30,5140.0
2012-05-31,5425.0
2012-06-01,5046.0
2012-06-02,4443.0
2012-06-03,1132.0
2012-06-04,4561.0
2012-06-05,5616.0
2012-06-06,5098.0
2012-06-07,2050.0
2012-06-08,5064.0
2012-06-09,4122.0
2012-06-10,2159.0
2012-06-11,4079.0
2012-06-12,5258.0
2012-06-13,4710.0
2012-06-14,6322.0
2012-06-15,6015.0
2012-06-16,4443.0
2012-06-17,2611.0
2012-06-18,6092.0
2012-06-19,6121.0
2012-06-20,5561.0
2012-06-21,6223.0
2012-06-22,6532.0
2012-06-23,4777.0
2012-06-24,1986.0
2012-06-25,6018.0
2012-06-26,6631.0
2012-06-27,6632.0
2012-06-28,6962.0
2012-06-29,6083.0
2012-06-30,4563.0
2012-07-01,1436.0
2012-07-02,4825.0
2012-07-03,5781.0
2012-07-04,6789.0
2012-07-05,6504.0
2012-07-06,5488.0
2012-07-07,5122.0
2012-07-08,2072.0
2012-07-09,6535.0
2012-07-10,6468.0
2012-07-11,6325.0
2012-07-12,5920.0
2012-07-13,5068.0
2012-07-14,3959.0
2012-07-15,1396.0
2012-07-16,5888.0
2012-07-17,5786.0
2012-07-18,6651.0
2012-07-19,6459.0
2012-07-20,5402.0
2012-07-21,3747.0
2012-07-22,2569.0
2012-07-23,6424.0
2012-07-24,6387.0
2012-07-25,6325.0
2012-07-26,6324.0
2012-07-27,5692.0
2012-07-28,3752.0
2012-07-29,1989.0
2012-07-30,5618.0
2012-07-31,5980.0
2012-08-01,5642.0
2012-08-02,5902.0
2012-08-03,5660.0
2012-08-04,4527.0
2012-08-05,2117.0
2012-08-06,4379.0
2012-08-07,5499.0
2012-08-08,5646.0
2012-08-09,5769.0
2012-08-10,5490.0
2012-08-11,4037.0
2012-08-12,2077.0
2012-08-13,5311.0
2012-08-14,5347.0
2012-08-15,5339.0
2012-08-16,5326.0
2012-08-17,5315.0
2012-08-18,3761.0
2012-08-19,1884.0
2012-08-20,4490.0
2012-08-21,5109.0
2012-08-22,5374.0
2012-08-23,5429.0
2012-08-24,4116.0
2012-08-25,3700.0
2012-08-26,1358.0
2012-08-27,5086.0
2012-08-28,4995.0
2012-08-29,5294.0
2012-08-30,4703.0
2012-08-31,4451.0
2012-09-01,2939.0
2012-09-02,1724.0
2012-09-03,5487.0
2012-09-04,5803.0
2012-09-05,5435.0
2012-09-06,5438.0
2012-09-07,5332.0
2012-09-08,4191.0
2012-09-09,2494.0
2012-09-10,5707.0
2012-09-11,4684.0
2012-09-12,4528.0
2012-09-13,5753.0
2012-09-14,5611.0
2012-09-15,4363.0
2012-09-16,2414.0
2012-09-17,5735.0
2012-09-18,5663.0
2012-09-19,5654.0
2012-09-20,6144.0
2012-09-21,6012.0
2012-09-22,3925.0
2012-09-23,1622.0
2012-09-24,4935.0
2012-09-25,4457.0
2012-09-26,4753.0
2012-09-27,4821.0
2012-09-28,5913.0
2012-09-29,4084.0
2012-09-30,1974.0
2012-10-01,5419.0
2012-10-02,6139.0
2012-10-03,2182.0
2012-10-04,4261.0
2012-10-05,5648.0
2012-10-06,4101.0
2012-10-07,1334.0
2012-10-08,5308.0
2012-10-09,4822.0
2012-10-10,5499.0
2012-10-11,5542.0
2012-10-12,3751.0
2012-10-13,3798.0
2012-10-14,1526.0
2012-10-15,4940.0
2012-10-16,5521.0
2012-10-17,5707.0
2012-10-18,6121.0
2012-10-19,6010.0
2012-10-20,4441.0
2012-10-21,1980.0
2012-10-22,5770.0
2012-10-23,5659.0
2012-10-24,5776.0
2012-10-25,5515.0
2012-10-26,5129.0
2012-10-27,1475.0
2012-10-28,1266.0
2012-10-29,4541.0
2012-10-30,4960.0
2012-10-31,5520.0
2012-11-01,1650.0
2012-11-02,3895.0
2012-11-03,2167.0
2012-11-04,960.0
2012-11-05,3894.0
2012-11-06,5160.0
2012-11-07,4157.0
2012-11-08,5141.0
2012-11-09,5355.0
2012-11-10,1952.0
2012-11-11,1063.0
2012-11-12,4880.0
2012-11-13,5354.0
2012-11-14,5047.0
2012-11-15,5177.0
2012-11-16,4740.0
2012-11-17,3079.0
2012-11-18,1690.0
2012-11-19,4662.0
2012-11-20,4697.0
2012-11-21,4812.0
2012-11-22,5190.0
2012-11-23,4659.0
2012-11-24,3379.0
2012-11-25,1499.0
2012-11-26,3302.0
2012-11-27,4029.0
2012-11-28,3132.0
2012-11-29,3807.0
2012-11-30,3953.0
2012-12-01,2494.0
2012-12-02,937.0
2012-12-03,3514.0
2012-12-04,2979.0
2012-12-05,3808.0
2012-12-06,3808.0
2012-12-07,2942.0
2012-12-08,1839.0
2012-12-09,583.0
2012-12-10,2966.0
2012-12-11,3052.0
2012-12-12,3244.0
2012-12-13,3090.0
2012-12-14,2679.0
2012-12-15,2111.0
2012-12-16,785.0
2012-12-17,3412.0
2012-12-18,3955.0
2012-12-19,4108.0
2012-12-20,3566.0
2012-12-21,2795.0
2012-12-22,2188.0
2012-12-23,728.0
2012-12-24,1732.0
2012-12-25,393.0
2012-12-26,356.0
2012-12-27,1385.0
2012-12-28,2494.0
2012-12-29,2434.0
2012-12-30,679.0
2012-12-31,1814.0
2013-01-01,469.0
2013-01-02,2704.0
2013-01-03,2266.0
2013-01-04,2848.0
2013-01-05,2335.0
2013-01-06,1041.0
2013-01-07,4234.0
2013-01-08,4182.0
2013-01-09,3958.0
2013-01-10,3856.0
2013-01-11,4241.0
2013-01-12,1833.0
2013-01-13,894.0
2013-01-14,3654.0
2013-01-15,3722.0
2013-01-16,3167.0
2013-01-17,2629.0
2013-01-18,2869.0
2013-01-19,2035.0
2013-01-20,445.0
2013-01-21,2260.0
2013-01-22,3172.0
2013-01-23,3588.0
2013-01-24,3623.0
2013-01-25,3350.0
2013-01-26,2273.0
2013-01-27,928.0
2013-01-28,3873.0
2013-01-29,2585.0
2013-01-30,3217.0
2013-01-31,4065.0
2013-02-01,2918.0
2013-02-02,2069.0
2013-02-03,1181.0
2013-02-04,2889.0
2013-02-05,3436.0
2013-02-06,3363.0
2013-02-07,3430.0
2013-02-08,3269.0
2013-02-09,1717.0
2013-02-10,789.0
2013-02-11,2966.0
2013-02-12,2673.0
2013-02-13,3409.0
2013-02-14,3337.0
2013-02-15,2952.0
2013-02-16,2337.0
2013-02-17,967.0
2013-02-18,3728.0
2013-02-19,3305.0
2013-02-20,3518.0
2013-02-21,3435.0
2013-02-22,2908.0
2013-02-23,1506.0
2013-02-24,740.0
2013-02-25,2865.0
2013-02-26,2936.0
2013-02-27,3486.0
2013-02-28,3644.0
2013-03-01,3635.0
2013-03-02,2559.0
2013-03-03,1185.0
2013-03-04,3994.0
2013-03-05,4205.0
2013-03-06,4432.0
2013-03-07,4490.0
2013-03-08,4282.0
2013-03-09,3142.0
2013-03-10,1288.0
2013-03-11,3274.0
2013-03-12,2728.0
2013-03-13,3084.0
2013-03-14,3431.0
2013-03-15,3709.0
2013-03-16,2827.0
2013-03-17,781.0
2013-03-18,3180.0
2013-03-19,3264.0
2013-03-20,3392.0
2013-03-21,4248.0
2013-03-22,4192.0
2013-03-23,2276.0
2013-03-24,975.0
2013-03-25,2813.0
2013-03-26,3247.0
2013-03-27,3615.0
2013-03-28,3729.0
2013-03-29,950.0
2013-03-30,2255.0
2013-03-31,587.0
2013-04-01,913.0
2013-04-02,3549.0
2013-04-03,3617.0
2013-04-04,4013.0
2013-04-05,3700.0
2013-04-06,2924.0
2013-04-07,1536.0
2013-04-08,4218.0
2013-04-09,3768.0
2013-04-10,3729.0
2013-04-11,3811.0
2013-04-12,3882.0
2013-04-13,3588.0
2013-04-14,2235.0
2013-04-15,6090.0
2013-04-16,6255.0
2013-04-17,6537.0
2013-04-18,5983.0
2013-04-19,5465.0
2013-04-20,2794.0
2013-04-21,1561.0
2013-04-22,5709.0
2013-04-23,6380.0
2013-04-24,6753.0
2013-04-25,6961.0
2013-04-26,5204.0
2013-04-27,1923.0
2013-04-28,1703.0
2013-04-29,5981.0
2013-04-30,5246.0
2013-05-01,2408.0
2013-05-02,6802.0
2013-05-03,5301.0
2013-05-04,2560.0
2013-05-05,2427.0
2013-05-06,6658.0
2013-05-07,6244.0
2013-05-08,7710.0
2013-05-09,2356.0
2013-05-10,5825.0
2013-05-11,3719.0
2013-05-12,1443.0
2013-05-13,4967.0
2013-05-14,6730.0
2013-05-15,6541.0
2013-05-16,5813.0
2013-05-17,5268.0
2013-05-18,4547.0
2013-05-19,1179.0
2013-05-20,1499.0
2013-05-21,5293.0
2013-05-22,4243.0
2013-05-23,4165.0
2013-05-24,4444.0
2013-05-25,3705.0
2013-05-26,830.0
2013-05-27,4871.0
2013-05-28,5063.0
2013-05-29,3211.0
2013-05-30,2358.0
2013-05-31,1996.0
2013-06-01,1827.0
2013-06-02,2166.0
2013-06-03,5507.0
2013-06-04,6284.0
2013-06-05,6897.0
2013-06-06,7552.0
2013-06-07,7101.0
2013-06-08,5091.0
2013-06-09,2155.0
2013-06-10,5379.0
2013-06-11,7031.0
2013-06-12,7574.0
2013-06-13,7791.0
2013-06-14,7719.0
2013-06-15,5389.0
2013-06-16,2977.0
2013-06-17,7646.0
2013-06-18,7527.0
2013-06-19,7460.0
2013-06-20,7050.0
2013-06-21,6864.0
2013-06-22,5372.0
2013-06-23,2611.0
2013-06-24,6478.0
2013-06-25,6426.0
2013-06-26,7306.0
2013-06-27,6388.0
2013-06-28,7283.0
2013-06-29,3874.0
2013-06-30,2665.0
2013-07-01,7941.0
2013-07-02,8295.0
2013-07-03,5431.0
2013-07-04,7232.0
2013-07-05,7662.0
2013-07-06,5680.0
2013-07-07,2827.0
2013-07-08,7790.0
2013-07-09,8126.0
2013-07-10,8379.0
2013-07-11,8482.0
2013-07-12,8243.0
2013-07-13,5827.0
2013-07-14,2964.0
2013-07-15,8059.0
2013-07-16,8317.0
2013-07-17,8313.0
2013-07-18,8258.0
2013-07-19,7850.0
2013-07-20,5904.0
2013-07-21,3235.0
2013-07-22,7681.0
2013-07-23,7373.0
2013-07-24,7068.0
2013-07-25,7847.0
2013-07-26,7198.0
2013-07-27,4709.0
2013-07-28,2018.0
2013-07-29,5559.0
2013-07-30,7327.0
2013-07-31,7457.0
2013-08-01,7272.0
2013-08-02,6493.0
2013-08-03,5296.0
2013-08-04,2739.0
2013-08-05,6380.0
2013-08-06,6103.0
2013-08-07,5454.0
2013-08-08,5944.0
2013-08-09,5935.0
2013-08-10,4669.0
2013-08-11,2332.0
2013-08-12,5959.0
2013-08-13,5760.0
2013-08-14,6190.0
2013-08-15,6431.0
2013-08-16,6096.0
2013-08-17,4567.0
2013-08-18,2286.0
2013-08-19,4482.0
2013-08-20,6006.0
2013-08-21,5962.0
2013-08-22,6049.0
2013-08-23,5751.0
2013-08-24,3423.0
2013-08-25,1149.0
2013-08-26,4621.0
2013-08-27,5530.0
2013-08-28,5517.0
2013-08-29,6196.0
2013-08-30,5952.0
2013-08-31,4132.0
2013-09-01,2069.0
2013-09-02,6224.0
2013-09-03,6871.0
2013-09-04,6572.0
2013-09-05,6846.0
2013-09-06,6768.0
2013-09-07,4927.0
2013-09-08,2024.0
2013-09-09,6244.0
2013-09-10,6064.0
2013-09-11,4530.0
2013-09-12,4104.0
2013-09-13,5890.0
2013-09-14,3512.0
2013-09-15,1614.0
2013-09-16,4744.0
2013-09-17,5439.0
2013-09-18,4443.0
2013-09-19,6137.0
2013-09-20,5551.0
2013-09-21,4964.0
2013-09-22,2402.0
2013-09-23,6483.0
2013-09-24,6481.0
2013-09-25,6628.0
2013-09-26,5455.0
2013-09-27,6571.0
2013-09-28,4873.0
2013-09-29,1912.0
2013-09-30,6069.0
2013-10-01,6811.0
2013-10-02,6751.0
2013-10-03,2247.0
2013-10-04,5586.0
2013-10-05,2291.0
2013-10-06,1056.0
2013-10-07,6109.0
2013-10-08,6575.0
2013-10-09,6475.0
2013-10-10,4405.0
2013-10-11,4857.0
2013-10-12,3677.0
2013-10-13,2662.0
2013-10-14,5475.0
2013-10-15,4749.0
2013-10-16,6145.0
2013-10-17,6300.0
2013-10-18,6415.0
2013-10-19,4958.0
2013-10-20,1452.0
2013-10-21,6932.0
2013-10-22,7391.0
2013-10-23,5599.0
2013-10-24,7244.0
2013-10-25,6751.0
2013-10-26,4914.0
2013-10-27,1657.0
2013-10-28,5783.0
2013-10-29,6495.0
2013-10-30,6631.0
2013-10-31,6688.0
2013-11-01,1959.0
2013-11-02,3608.0
2013-11-03,1407.0
2013-11-04,5111.0
2013-11-05,6142.0
2013-11-06,5270.0
2013-11-07,6367.0
2013-11-08,4556.0
2013-11-09,4308.0
2013-11-10,1273.0
2013-11-11,5868.0
2013-11-12,6143.0
2013-11-13,5530.0
2013-11-14,5901.0
2013-11-15,5652.0
2013-11-16,3920.0
2013-11-17,1849.0
2013-11-18,6067.0
2013-11-19,4939.0
2013-11-20,4091.0
2013-11-21,4968.0
2013-11-22,3813.0
2013-11-23,2929.0
2013-11-24,1511.0
2013-11-25,4743.0
2013-11-26,4841.0
2013-11-27,4767.0
2013-11-28,4685.0
2013-11-29,4125.0
2013-11-30,2817.0
2013-12-01,1584.0
2013-12-02,4581.0
2013-12-03,4588.0
2013-12-04,4469.0
2013-12-05,4367.0
2013-12-06,3906.0
2013-12-07,2318.0
2013-12-08,1400.0
2013-12-09,4471.0
2013-12-10,4645.0
2013-12-11,4516.0
2013-12-12,4566.0
2013-12-13,4138.0
2013-12-14,1941.0
2013-12-15,1435.0
2013-12-16,4713.0
2013-12-17,4880.0
2013-12-18,4838.0
2013-12-19,3340.0
2013-12-20,4307.0
2013-12-21,2687.0
2013-12-22,1096.0
2013-12-23,3348.0
2013-12-24,1696.0
2013-12-25,273.0
2013-12-26,361.0
2013-12-27,2553.0
2013-12-28,1353.0
2013-12-29,836.0
2013-12-30,3029.0
2013-12-31,1735.0
2014-01-01,779.0
2014-01-02,2345.0
2014-01-03,3049.0
2014-01-04,1954.0
2014-01-05,1100.0
2014-01-06,1468.0
2014-01-07,5634.0
2014-01-08,5455.0
2014-01-09,5254.0
2014-01-10,5327.0
2014-01-11,3109.0
2014-01-12,1631.0
2014-01-13,4373.0
2014-01-14,4895.0
2014-01-15,5148.0
2014-01-16,4832.0
2014-01-17,5459.0
2014-01-18,3763.0
2014-01-19,1551.0
2014-01-20,4607.0
2014-01-21,4420.0
2014-01-22,4996.0
2014-01-23,4542.0
2014-01-24,4286.0
2014-01-25,3422.0
2014-01-26,1442.0
2014-01-27,4515.0
2014-01-28,5136.0
2014-01-29,4834.0
2014-01-30,4881.0
2014-01-31,4872.0
2014-02-01,3152.0
2014-02-02,1466.0
2014-02-03,4821.0
2014-02-04,4908.0
2014-02-05,4604.0
2014-02-06,5274.0
2014-02-07,4662.0
2014-02-08,2934.0
2014-02-09,1240.0
2014-02-10,4393.0
2014-02-11,5015.0
2014-02-12,5210.0
2014-02-13,3938.0
2014-02-14,4946.0
2014-02-15,1696.0
2014-02-16,1310.0
2014-02-17,5140.0
2014-02-18,5021.0
2014-02-19,4870.0
2014-02-20,5333.0
2014-02-21,4562.0
2014-02-22,3217.0
2014-02-23,1893.0
2014-02-24,5472.0
2014-02-25,5141.0
2014-02-26,4006.0
2014-02-27,5120.0
2014-02-28,4774.0
2014-03-01,3316.0
2014-03-02,1526.0
2014-03-03,4186.0
2014-03-04,3903.0
2014-03-05,5160.0
2014-03-06,5179.0
2014-03-07,5334.0
2014-03-08,4107.0
2014-03-09,2249.0
2014-03-10,5770.0
2014-03-11,5857.0
2014-03-12,5983.0
2014-03-13,6217.0
2014-03-14,6140.0
2014-03-15,3229.0
2014-03-16,1696.0
2014-03-17,5181.0
2014-03-18,6762.0
2014-03-19,6199.0
2014-03-20,6679.0
2014-03-21,5427.0
2014-03-22,2467.0
2014-03-23,1651.0
2014-03-24,5111.0
2014-03-25,5695.0
2014-03-26,6498.0
2014-03-27,6273.0
2014-03-28,6454.0
2014-03-29,4827.0
2014-03-30,2358.0
2014-03-31,6555.0
2014-04-01,6908.0
2014-04-02,7271.0
2014-04-03,7274.0
2014-04-04,7006.0
2014-04-05,3350.0
2014-04-06,3882.0
2014-04-07,6959.0
2014-04-08,5899.0
2014-04-09,6712.0
2014-04-10,7038.0
2014-04-11,7279.0
2014-04-12,5257.0
2014-04-13,2525.0
2014-04-14,6072.0
2014-04-15,6379.0
2014-04-16,6705.0
2014-04-17,6599.0
2014-04-18,1293.0
2014-04-19,3403.0
2014-04-20,1371.0
2014-04-21,1446.0
2014-04-22,6370.0
2014-04-23,6977.0
2014-04-24,7447.0
2014-04-25,6870.0
2014-04-26,4840.0
2014-04-27,1918.0
2014-04-28,6066.0
2014-04-29,7356.0
2014-04-30,7005.0
2014-05-01,1660.0
2014-05-02,5953.0
2014-05-03,3754.0
2014-05-04,2374.0
2014-05-05,7554.0
2014-05-06,7380.0
2014-05-07,6189.0
2014-05-08,6500.0
2014-05-09,6962.0
2014-05-10,4501.0
2014-05-11,1751.0
2014-05-12,5671.0
2014-05-13,6492.0
2014-05-14,7428.0
2014-05-15,7334.0
2014-05-16,7041.0
2014-05-17,5023.0
2014-05-18,2821.0
2014-05-19,7675.0
2014-05-20,8272.0
2014-05-21,8326.0
2014-05-22,7665.0
2014-05-23,6527.0
2014-05-24,4265.0
2014-05-25,2928.0
2014-05-26,6701.0
2014-05-27,6915.0
2014-05-28,8078.0
2014-05-29,2945.0
2014-05-30,6417.0
2014-05-31,5110.0
2014-06-01,2719.0
2014-06-02,7397.0
2014-06-03,8109.0
2014-06-04,7181.0
2014-06-05,8025.0
2014-06-06,7880.0
2014-06-07,5181.0
2014-06-08,2498.0
2014-06-09,2322.0
2014-06-10,7018.0
2014-06-11,7562.0
2014-06-12,7927.0
2014-06-13,8007.0
2014-06-14,5389.0
2014-06-15,2893.0
2014-06-16,8502.0
2014-06-17,7959.0
2014-06-18,8542.0
2014-06-19,3470.0
2014-06-20,6888.0
2014-06-21,5529.0
2014-06-22,2913.0
2014-06-23,8177.0
2014-06-24,8622.0
2014-06-25,8031.0
2014-06-26,9153.0
2014-06-27,8125.0
2014-06-28,4431.0
2014-06-29,2134.0
2014-06-30,6795.0
2014-07-01,8496.0
2014-07-02,8757.0
2014-07-03,8451.0
2014-07-04,8145.0
2014-07-05,4735.0
2014-07-06,2673.0
2014-07-07,6667.0
2014-07-08,5174.0
2014-07-09,4346.0
2014-07-10,6828.0
2014-07-11,7217.0
2014-07-12,4123.0
2014-07-13,2714.0
2014-07-14,7780.0
2014-07-15,7945.0
2014-07-16,8156.0
2014-07-17,8261.0
2014-07-18,7502.0
2014-07-19,5302.0
2014-07-20,2269.0
2014-07-21,4420.0
2014-07-22,5981.0
2014-07-23,7959.0
2014-07-24,8288.0
2014-07-25,7972.0
2014-07-26,5548.0
2014-07-27,3275.0
2014-07-28,6446.0
2014-07-29,6260.0
2014-07-30,5108.0
2014-07-31,7749.0
2014-08-01,7282.0
2014-08-02,5214.0
2014-08-03,2576.0
2014-08-04,6234.0
2014-08-05,6226.0
2014-08-06,6811.0
2014-08-07,6672.0
2014-08-08,6234.0
2014-08-09,4515.0
2014-08-10,2163.0
2014-08-11,6389.0
2014-08-12,6511.0
2014-08-13,4464.0
2014-08-14,5258.0
2014-08-15,3203.0
2014-08-16,3711.0
2014-08-17,1905.0
2014-08-18,4893.0
2014-08-19,5697.0
2014-08-20,5813.0
2014-08-21,6005.0
2014-08-22,5437.0
2014-08-23,3551.0
2014-08-24,1852.0
2014-08-25,4984.0
2014-08-26,3925.0
2014-08-27,4946.0
2014-08-28,6110.0
2014-08-29,5628.0
2014-08-30,4155.0
2014-08-31,1075.0
2014-09-01,5310.0
2014-09-02,5869.0
2014-09-03,5663.0
2014-09-04,5794.0
2014-09-05,5983.0
2014-09-06,4818.0
2014-09-07,2393.0
2014-09-08,6395.0
2014-09-09,6567.0
2014-09-10,6529.0
2014-09-11,5627.0
2014-09-12,2569.0
2014-09-13,4503.0
2014-09-14,2266.0
2014-09-15,6746.0
2014-09-16,7219.0
2014-09-17,7423.0
2014-09-18,6613.0
2014-09-19,6703.0
2014-09-20,5698.0
2014-09-21,1850.0
2014-09-22,5698.0
2014-09-23,6473.0
2014-09-24,6306.0
2014-09-25,6230.0
2014-09-26,6576.0
2014-09-27,4957.0
2014-09-28,2632.0
2014-09-29,6906.0
2014-09-30,6593.0
2014-10-01,7095.0
2014-10-02,7406.0
2014-10-03,2639.0
2014-10-04,4963.0
2014-10-05,2125.0
2014-10-06,6780.0
2014-10-07,5880.0
2014-10-08,6214.0
2014-10-09,6161.0
2014-10-10,5286.0
2014-10-11,3886.0
2014-10-12,2933.0
2014-10-13,6021.0
2014-10-14,7451.0
2014-10-15,6934.0
2014-10-16,6409.0
2014-10-17,5940.0
2014-10-18,5182.0
2014-10-19,2682.0
2014-10-20,6168.0
2014-10-21,5870.0
2014-10-22,5818.0
2014-10-23,6486.0
2014-10-24,6541.0
2014-10-25,4595.0
2014-10-26,2531.0
2014-10-27,6284.0
2014-10-28,6039.0
2014-10-29,6173.0
2014-10-30,6841.0
2014-10-31,6681.0
2014-11-01,2562.0
2014-11-02,2369.0
2014-11-03,6269.0
2014-11-04,6928.0
2014-11-05,5060.0
2014-11-06,6974.0
2014-11-07,6543.0
2014-11-08,4930.0
2014-11-09,2150.0
2014-11-10,6086.0
2014-11-11,6681.0
2014-11-12,5839.0
2014-11-13,6284.0
2014-11-14,6697.0
2014-11-15,4013.0
2014-11-16,1985.0
2014-11-17,5689.0
2014-11-18,5265.0
2014-11-19,5808.0
2014-11-20,6021.0
2014-11-21,5862.0
2014-11-22,3997.0
2014-11-23,1784.0
2014-11-24,5422.0
2014-11-25,5683.0
2014-11-26,5773.0
2014-11-27,6261.0
2014-11-28,5578.0
2014-11-29,3222.0
2014-11-30,1859.0
2014-12-01,5167.0
2014-12-02,4590.0
2014-12-03,4822.0
2014-12-04,5324.0
2014-12-05,5086.0
2014-12-06,2998.0
2014-12-07,1736.0
2014-12-08,5061.0
2014-12-09,4785.0
2014-12-10,4684.0
2014-12-11,4351.0
2014-12-12,4644.0
2014-12-13,3222.0
2014-12-14,1058.0
2014-12-15,5535.0
2014-12-16,5051.0
2014-12-17,4562.0
2014-12-18,5089.0
2014-12-19,4472.0
2014-12-20,2917.0
2014-12-21,1393.0
2014-12-22,4372.0
2014-12-23,4068.0
2014-12-24,1648.0
2014-12-25,489.0
2014-12-26,636.0
2014-12-27,1190.0
2014-12-28,391.0
2014-12-29,843.0
2014-12-30,966.0
2014-12-31,1192.0
2015-01-01,527.0
2015-01-02,2046.0
2015-01-03,1421.0
2015-01-04,961.0
2015-01-05,3921.0
2015-01-06,1355.0
2015-01-07,4699.0
2015-01-08,4210.0
2015-01-09,4002.0
2015-01-10,3039.0
2015-01-11,1465.0
2015-01-12,5009.0
2015-01-13,5879.0
2015-01-14,4713.0
2015-01-15,5606.0
2015-01-16,3515.0
2015-01-17,2373.0
2015-01-18,1422.0
2015-01-19,5109.0
2015-01-20,4756.0
2015-01-21,5203.0
2015-01-22,5330.0
2015-01-23,4878.0
2015-01-24,2719.0
2015-01-25,1331.0
2015-01-26,4143.0
2015-01-27,5121.0
2015-01-28,4863.0
2015-01-29,4504.0
2015-01-30,3803.0
2015-01-31,2807.0
2015-02-01,1165.0
2015-02-02,4684.0
2015-02-03,5166.0
2015-02-04,4675.0
2015-02-05,4686.0
2015-02-06,4395.0
2015-02-07,2988.0
2015-02-08,1220.0
2015-02-09,3834.0
2015-02-10,4814.0
2015-02-11,5158.0
2015-02-12,5047.0
2015-02-13,4771.0
2015-02-14,3024.0
2015-02-15,1250.0
2015-02-16,3924.0
2015-02-17,3366.0
2015-02-18,4387.0
2015-02-19,4251.0
2015-02-20,4624.0
2015-02-21,2894.0
2015-02-22,1521.0
2015-02-23,3670.0
2015-02-24,5245.0
2015-02-25,5137.0
2015-02-26,5515.0
2015-02-27,3615.0
2015-02-28,3727.0
2015-03-01,1422.0
2015-03-02,4427.0
2015-03-03,5490.0
2015-03-04,4846.0
2015-03-05,5130.0
2015-03-06,5321.0
2015-03-07,4112.0
2015-03-08,2148.0
2015-03-09,5649.0
2015-03-10,5319.0
2015-03-11,5738.0
2015-03-12,5905.0
2015-03-13,5380.0
2015-03-14,3615.0
2015-03-15,1782.0
2015-03-16,5850.0
2015-03-17,6255.0
2015-03-18,6675.0
2015-03-19,6420.0
2015-03-20,6334.0
2015-03-21,4120.0
2015-03-22,2616.0
2015-03-23,5587.0
2015-03-24,6168.0
2015-03-25,6171.0
2015-03-26,5429.0
2015-03-27,5745.0
2015-03-28,4017.0
2015-03-29,1056.0
2015-03-30,4091.0
2015-03-31,3396.0
2015-04-01,4660.0
2015-04-02,3477.0
2015-04-03,1520.0
2015-04-04,1559.0
2015-04-05,966.0
2015-04-06,1121.0
2015-04-07,5324.0
2015-04-08,5896.0
2015-04-09,6365.0
2015-04-10,6377.0
2015-04-11,4138.0
2015-04-12,2478.0
2015-04-13,6975.0
2015-04-14,7607.0
2015-04-15,7894.0
2015-04-16,7503.0
2015-04-17,6419.0
2015-04-18,5511.0
2015-04-19,2431.0
2015-04-20,7272.0
2015-04-21,7800.0
2015-04-22,7775.0
2015-04-23,8148.0
2015-04-24,7606.0
2015-04-25,3949.0
2015-04-26,2709.0
2015-04-27,6357.0
2015-04-28,6785.0
2015-04-29,7666.0
2015-04-30,6849.0
2015-05-01,1019.0
2015-05-02,4300.0
2015-05-03,1476.0
2015-05-04,7391.0
2015-05-05,7274.0
2015-05-06,7928.0
2015-05-07,7866.0
2015-05-08,7627.0
2015-05-09,5246.0
2015-05-10,2674.0
2015-05-11,7848.0
2015-05-12,8004.0
2015-05-13,8572.0
2015-05-14,3040.0
2015-05-15,5361.0
2015-05-16,5266.0
2015-05-17,3179.0
2015-05-18,7916.0
2015-05-19,7240.0
2015-05-20,6417.0
2015-05-21,7989.0
2015-05-22,7476.0
2015-05-23,4977.0
2015-05-24,2571.0
2015-05-25,2093.0
2015-05-26,6317.0
2015-05-27,6730.0
2015-05-28,7016.0
2015-05-29,5492.0
2015-05-30,4366.0
2015-05-31,2590.0
2015-06-01,5382.0
2015-06-02,8117.0
2015-06-03,8101.0
2015-06-04,3166.0
2015-06-05,6623.0
2015-06-06,4915.0
2015-06-07,2733.0
2015-06-08,5773.0
2015-06-09,7009.0
2015-06-10,7508.0
2015-06-11,8118.0
2015-06-12,7315.0
2015-06-13,5872.0
2015-06-14,3211.0
2015-06-15,7289.0
2015-06-16,8166.0
2015-06-17,7896.0
2015-06-18,4560.0
2015-06-19,6280.0
2015-06-20,4162.0
2015-06-21,2354.0
2015-06-22,5307.0
2015-06-23,6401.0
2015-06-24,7546.0
2015-06-25,8073.0
2015-06-26,7865.0
2015-06-27,4840.0
2015-06-28,3162.0
2015-06-29,7729.0
2015-06-30,8733.0
2015-07-01,8084.0
2015-07-02,8094.0
2015-07-03,7417.0
2015-07-04,5002.0
2015-07-05,2395.0
2015-07-06,7733.0
2015-07-07,7789.0
2015-07-08,8043.0
2015-07-09,7855.0
2015-07-10,8005.0
2015-07-11,5788.0
2015-07-12,2914.0
2015-07-13,7687.0
2015-07-14,8697.0
2015-07-15,8423.0
2015-07-16,8066.0
2015-07-17,7697.0
2015-07-18,5809.0
2015-07-19,3888.0
2015-07-20,8048.0
2015-07-21,7798.0
2015-07-22,7814.0
2015-07-23,8395.0
2015-07-24,8131.0
2015-07-25,4998.0
2015-07-26,3363.0
2015-07-27,6417.0
2015-07-28,7274.0
2015-07-29,6267.0
2015-07-30,7591.0
2015-07-31,7250.0
2015-08-01,5396.0
2015-08-02,2845.0
2015-08-03,6575.0
2015-08-04,5835.0
2015-08-05,6866.0
2015-08-06,6654.0
2015-08-07,5719.0
2015-08-08,4778.0
2015-08-09,2281.0
2015-08-10,6054.0
2015-08-11,6774.0
2015-08-12,6353.0
2015-08-13,6315.0
2015-08-14,5390.0
2015-08-15,4450.0
2015-08-16,1517.0
2015-08-17,5504.0
2015-08-18,6238.0
2015-08-19,6036.0
2015-08-20,6213.0
2015-08-21,6303.0
2015-08-22,4481.0
2015-08-23,1859.0
2015-08-24,4158.0
2015-08-25,5865.0
2015-08-26,6449.0
2015-08-27,6257.0
2015-08-28,4770.0
2015-08-29,4486.0
2015-08-30,2196.0
2015-08-31,6044.0
2015-09-01,4867.0
2015-09-02,5892.0
2015-09-03,6158.0
2015-09-04,5943.0
2015-09-05,4084.0
2015-09-06,1796.0
2015-09-07,5584.0
2015-09-08,6137.0
2015-09-09,6487.0
2015-09-10,6516.0
2015-09-11,6585.0
2015-09-12,4715.0
2015-09-13,2263.0
2015-09-14,5754.0
2015-09-15,6440.0
2015-09-16,4461.0
2015-09-17,4196.0
2015-09-18,5876.0
2015-09-19,4244.0
2015-09-20,2280.0
2015-09-21,6473.0
2015-09-22,5669.0
2015-09-23,5452.0
2015-09-24,6879.0
2015-09-25,6609.0
2015-09-26,4543.0
2015-09-27,2421.0
2015-09-28,6621.0
2015-09-29,6617.0
2015-09-30,6823.0
2015-10-01,7051.0
2015-10-02,6930.0
2015-10-03,2547.0
2015-10-04,1948.0
2015-10-05,6352.0
2015-10-06,6258.0
2015-10-07,6420.0
2015-10-08,6721.0
2015-10-09,6009.0
2015-10-10,3760.0
2015-10-11,2920.0
2015-10-12,5994.0
2015-10-13,6130.0
2015-10-14,5361.0
2015-10-15,5830.0
2015-10-16,5585.0
2015-10-17,4048.0
2015-10-18,1928.0
2015-10-19,6477.0
2015-10-20,6535.0
2015-10-21,6539.0
2015-10-22,6588.0
2015-10-23,6243.0
2015-10-24,4849.0
2015-10-25,2133.0
2015-10-26,6875.0
2015-10-27,6516.0
2015-10-28,6642.0
2015-10-29,6747.0
2015-10-30,6705.0
2015-10-31,4703.0
2015-11-01,1807.0
2015-11-02,5531.0
2015-11-03,5377.0
2015-11-04,6165.0
2015-11-05,6363.0
2015-11-06,6316.0
2015-11-07,4575.0
2015-11-08,2518.0
2015-11-09,6182.0
2015-11-10,6881.0
2015-11-11,6338.0
2015-11-12,6817.0
2015-11-13,6247.0
2015-11-14,4457.0
2015-11-15,1992.0
2015-11-16,6502.0
2015-11-17,5381.0
2015-11-18,5853.0
2015-11-19,5610.0
2015-11-20,2377.0
2015-11-21,2830.0
2015-11-22,1681.0
2015-11-23,4703.0
2015-11-24,4974.0
2015-11-25,4616.0
2015-11-26,5000.0
2015-11-27,4393.0
2015-11-28,2810.0
2015-11-29,1050.0
2015-11-30,4427.0
2015-12-01,3634.0
2015-12-02,5287.0
2015-12-03,5595.0
2015-12-04,4497.0
2015-12-05,3332.0
2015-12-06,1781.0
2015-12-07,5094.0
2015-12-08,4952.0
2015-12-09,4961.0
2015-12-10,4883.0
2015-12-11,4679.0
2015-12-12,3236.0
2015-12-13,1824.0
2015-12-14,5203.0
2015-12-15,5433.0
2015-12-16,3730.0
2015-12-17,5487.0
2015-12-18,5197.0
2015-12-19,3851.0
2015-12-20,1920.0
2015-12-21,4507.0
2015-12-22,5387.0
2015-12-23,3885.0
2015-12-24,1992.0
2015-12-25,651.0
2015-12-26,924.0
2015-12-27,1066.0
2015-12-28,2893.0
2015-12-29,3017.0
2015-12-30,3491.0
2015-12-31,1599.0
2016-01-01,848.0
2016-01-02,1518.0
2016-01-03,1107.0
2016-01-04,3101.0
2016-01-05,2834.0
2016-01-06,1109.0
2016-01-07,3711.0
2016-01-08,4616.0
2016-01-09,3438.0
2016-01-10,1349.0
2016-01-11,3180.0
2016-01-12,3870.0
2016-01-13,4388.0
2016-01-14,5140.0
2016-01-15,3035.0
2016-01-16,2811.0
2016-01-17,1303.0
2016-01-18,4298.0
2016-01-19,4466.0
2016-01-20,4322.0
2016-01-21,4486.0
2016-01-22,4147.0
2016-01-23,2975.0
2016-01-24,1538.0
2016-01-25,4985.0
2016-01-26,5333.0
2016-01-27,5210.0
2016-01-28,4614.0
2016-01-29,5003.0
2016-01-30,2575.0
2016-01-31,1228.0
2016-02-01,4475.0
2016-02-02,4839.0
2016-02-03,4249.0
2016-02-04,3679.0
2016-02-05,4699.0
2016-02-06,3619.0
2016-02-07,1404.0
2016-02-08,2791.0
2016-02-09,2574.0
2016-02-10,3380.0
2016-02-11,4425.0
2016-02-12,4668.0
2016-02-13,2767.0
2016-02-14,1414.0
2016-02-15,4060.0
2016-02-16,4479.0
2016-02-17,4246.0
2016-02-18,4819.0
2016-02-19,4155.0
2016-02-20,2128.0
2016-02-21,1269.0
2016-02-22,4633.0
2016-02-23,2771.0
2016-02-24,4516.0
2016-02-25,4721.0
2016-02-26,4690.0
2016-02-27,3411.0
2016-02-28,1412.0
2016-02-29,4346.0
2016-03-01,4566.0
2016-03-02,3921.0
2016-03-03,4008.0
2016-03-04,4278.0
2016-03-05,3024.0
2016-03-06,1158.0
2016-03-07,4595.0
2016-03-08,4672.0
2016-03-09,5111.0
2016-03-10,5147.0
2016-03-11,4951.0
2016-03-12,3639.0
2016-03-13,1779.0
2016-03-14,5003.0
2016-03-15,4199.0
2016-03-16,4962.0
2016-03-17,5573.0
2016-03-18,5421.0
2016-03-19,3564.0
2016-03-20,1725.0
2016-03-21,5240.0
2016-03-22,5504.0
2016-03-23,5607.0
2016-03-24,5359.0
2016-03-25,739.0
2016-03-26,3327.0
2016-03-27,793.0
2016-03-28,951.0
2016-03-29,4373.0
2016-03-30,3698.0
2016-03-31,5121.0
2016-04-01,4522.0
2016-04-02,4438.0
2016-04-03,2242.0
2016-04-04,5108.0
2016-04-05,5169.0
2016-04-06,6065.0
2016-04-07,5395.0
2016-04-08,6103.0
2016-04-09,4317.0
2016-04-10,2420.0
2016-04-11,6411.0
2016-04-12,5692.0
2016-04-13,5346.0
2016-04-14,6597.0
2016-04-15,4871.0
2016-04-16,2823.0
2016-04-17,1164.0
2016-04-18,6141.0
2016-04-19,7101.0
2016-04-20,7060.0
2016-04-21,7347.0
2016-04-22,5990.0
2016-04-23,2424.0
2016-04-24,2505.0
2016-04-25,4852.0
2016-04-26,4378.0
2016-04-27,5541.0
2016-04-28,5714.0
2016-04-29,6494.0
2016-04-30,4469.0
2016-05-01,1961.0
2016-05-02,7097.0
2016-05-03,5336.0
2016-05-04,7405.0
2016-05-05,2981.0
2016-05-06,6772.0
2016-05-07,5363.0
2016-05-08,2839.0
2016-05-09,7255.0
2016-05-10,5902.0
2016-05-11,7107.0
2016-05-12,6106.0
2016-05-13,5184.0
2016-05-14,4251.0
2016-05-15,1773.0
2016-05-16,1273.0
2016-05-17,5708.0
2016-05-18,6091.0
2016-05-19,5683.0
2016-05-20,6083.0
2016-05-21,4639.0
2016-05-22,2377.0
2016-05-23,4151.0
2016-05-24,4514.0
2016-05-25,6854.0
2016-05-26,3460.0
2016-05-27,6280.0
2016-05-28,4362.0
2016-05-29,2072.0
2016-05-30,4482.0
2016-05-31,7254.0
2016-06-01,7471.0
2016-06-02,6697.0
2016-06-03,6665.0
2016-06-04,4784.0
2016-06-05,2599.0
2016-06-06,7556.0
2016-06-07,7127.0
2016-06-08,5603.0
2016-06-09,7873.0
2016-06-10,7721.0
2016-06-11,4493.0
2016-06-12,1994.0
2016-06-13,5545.0
2016-06-14,5647.0
2016-06-15,6334.0
2016-06-16,6575.0
2016-06-17,4885.0
2016-06-18,4287.0
2016-06-19,2743.0
2016-06-20,7357.0
2016-06-21,7250.0
2016-06-22,7704.0
2016-06-23,7580.0
2016-06-24,6734.0
2016-06-25,3914.0
2016-06-26,2835.0
2016-06-27,7284.0
2016-06-28,6447.0
2016-06-29,7763.0
2016-06-30,7697.0
2016-07-01,6852.0
2016-07-02,3859.0
2016-07-03,2616.0
2016-07-04,7330.0
2016-07-05,7852.0
2016-07-06,8109.0
2016-07-07,8664.0
2016-07-08,7465.0
2016-07-09,6177.0
2016-07-10,2589.0
2016-07-11,6867.0
2016-07-12,6750.0
2016-07-13,5849.0
2016-07-14,6856.0
2016-07-15,7005.0
2016-07-16,5845.0
2016-07-17,3014.0
2016-07-18,8357.0
2016-07-19,8076.0
2016-07-20,7692.0
2016-07-21,7608.0
2016-07-22,6927.0
2016-07-23,5494.0
2016-07-24,3517.0
2016-07-25,7354.0
2016-07-26,8000.0
2016-07-27,8013.0
2016-07-28,7783.0
2016-07-29,7191.0
2016-07-30,5559.0
2016-07-31,2789.0
2016-08-01,7095.0
2016-08-02,5231.0
2016-08-03,6927.0
2016-08-04,6818.0
2016-08-05,6672.0
2016-08-06,5604.0
2016-08-07,2945.0
2016-08-08,6612.0
2016-08-09,5268.0
2016-08-10,6565.0
2016-08-11,6897.0
2016-08-12,6144.0
2016-08-13,5195.0
2016-08-14,3474.0
2016-08-15,7049.0
2016-08-16,5744.0
2016-08-17,6932.0
2016-08-18,7095.0
2016-08-19,6630.0
2016-08-20,4465.0
2016-08-21,2512.0
2016-08-22,6638.0
2016-08-23,5421.0
2016-08-24,6691.0
2016-08-25,7629.0
2016-08-26,6613.0
2016-08-27,5038.0
2016-08-28,3696.0
2016-08-29,6543.0
2016-08-30,5117.0
2016-08-31,7127.0
2016-09-01,7883.0
2016-09-02,7013.0
2016-09-03,5346.0
2016-09-04,2771.0
2016-09-05,6985.0
2016-09-06,5655.0
2016-09-07,7257.0
2016-09-08,7524.0
2016-09-09,7143.0
2016-09-10,5685.0
2016-09-11,3817.0
2016-09-12,7276.0
2016-09-13,5749.0
2016-09-14,7305.0
2016-09-15,6618.0
2016-09-16,6625.0
2016-09-17,5220.0
2016-09-18,1265.0
2016-09-19,6520.0
2016-09-20,6436.0
2016-09-21,6961.0
2016-09-22,7105.0
2016-09-23,6696.0
2016-09-24,5152.0
2016-09-25,2970.0
2016-09-26,1564.0
2016-09-27,1056.0
2016-09-28,1223.0
2016-09-29,1460.0
2016-09-30,1275.0
2016-10-01,860.0
2016-10-02,445.0
2016-10-03,282.0
2016-10-04,1152.0
2016-10-05,1233.0
2016-10-06,1297.0
2016-10-07,4438.0
2016-10-08,3512.0
2016-10-09,2460.0
2016-10-10,5714.0
2016-10-11,5915.0
2016-10-12,6145.0
2016-10-13,6134.0
2016-10-14,5888.0
2016-10-15,4386.0
2016-10-16,2232.0
2016-10-17,6107.0
2016-10-18,6449.0
2016-10-19,6033.0
2016-10-20,5368.0
2016-10-21,5727.0
2016-10-22,3880.0
2016-10-23,2010.0
2016-10-24,5521.0
2016-10-25,6338.0
2016-10-26,6395.0
2016-10-27,6784.0
2016-10-28,6475.0
2016-10-29,4301.0
2016-10-30,2175.0
2016-10-31,5894.0
2016-11-01,2199.0
2016-11-02,5700.0
2016-11-03,6194.0
2016-11-04,5832.0
2016-11-05,1990.0
2016-11-06,1564.0
2016-11-07,5703.0
2016-11-08,5617.0
2016-11-09,4929.0
2016-11-10,4793.0
2016-11-11,4011.0
2016-11-12,4041.0
2016-11-13,2034.0
2016-11-14,5152.0
2016-11-15,4867.0
2016-11-16,4359.0
2016-11-17,4903.0
2016-11-18,3758.0
2016-11-19,2828.0
2016-11-20,1808.0
2016-11-21,4940.0
2016-11-22,5074.0
2016-11-23,5028.0
2016-11-24,5378.0
2016-11-25,4805.0
2016-11-26,3036.0
2016-11-27,1867.0
2016-11-28,4372.0
2016-11-29,4528.0
2016-11-30,4424.0
2016-12-01,4665.0
2016-12-02,4123.0
2016-12-03,2997.0
2016-12-04,1345.0
2016-12-05,3905.0
2016-12-06,4107.0
2016-12-07,3965.0
2016-12-08,4230.0
2016-12-09,4064.0
2016-12-10,2845.0
2016-12-11,1326.0
2016-12-12,4287.0
2016-12-13,4323.0
2016-12-14,4454.0
2016-12-15,4529.0
2016-12-16,4165.0
2016-12-17,2678.0
2016-12-18,1238.0
2016-12-19,4316.0
2016-12-20,4870.0
2016-12-21,4665.0
2016-12-22,3929.0
2016-12-23,3400.0
2016-12-24,1014.0
2016-12-25,404.0
2016-12-26,473.0
2016-12-27,2195.0
2016-12-28,2508.0
2016-12-29,2483.0
2016-12-30,2205.0
2016-12-31,1222.0
2017-01-01,575.0
2017-01-02,1981.0
2017-01-03,2702.0
2017-01-04,2057.0
2017-01-05,2802.0
2017-01-06,837.0
2017-01-07,1865.0
2017-01-08,707.0
2017-01-09,3519.0
2017-01-10,2843.0
2017-01-11,3747.0
2017-01-12,4122.0
2017-01-13,3851.0
2017-01-14,2696.0
2017-01-15,1260.0
2017-01-16,3845.0
2017-01-17,3988.0
2017-01-18,4036.0
2017-01-19,4096.0
2017-01-20,3870.0
2017-01-21,2421.0
2017-01-22,1072.0
2017-01-23,3559.0
2017-01-24,3507.0
2017-01-25,3669.0
2017-01-26,3790.0
2017-01-27,3786.0
2017-01-28,2814.0
2017-01-29,1396.0
2017-01-30,4087.0
2017-01-31,4054.0
2017-02-01,4238.0
2017-02-02,4617.0
2017-02-03,4417.0
2017-02-04,2711.0
2017-02-05,1459.0
2017-02-06,4545.0
2017-02-07,4387.0
2017-02-08,4569.0
2017-02-09,4424.0
2017-02-10,4284.0
2017-02-11,3080.0
2017-02-12,1415.0
2017-02-13,4231.0
2017-02-14,4648.0
2017-02-15,4573.0
2017-02-16,4748.0
2017-02-17,4214.0
2017-02-18,3312.0
2017-02-19,1597.0
2017-02-20,3992.0
2017-02-21,4106.0
2017-02-22,4347.0
2017-02-23,4727.0
2017-02-24,4368.0
2017-02-25,3459.0
2017-02-26,1583.0
2017-02-27,4461.0
2017-02-28,2975.0
2017-03-01,3592.0
2017-03-02,4470.0
2017-03-03,4769.0
2017-03-04,3678.0
2017-03-05,1364.0
2017-03-06,4239.0
2017-03-07,3891.0
2017-03-08,4324.0
2017-03-09,3671.0
2017-03-10,5290.0
2017-03-11,3921.0
2017-03-12,1994.0
2017-03-13,5444.0
2017-03-14,5646.0
2017-03-15,5840.0
2017-03-16,6308.0
2017-03-17,5700.0
2017-03-18,2039.0
2017-03-19,1498.0
2017-03-20,5601.0
2017-03-21,4181.0
2017-03-22,5029.0
2017-03-23,5876.0
2017-03-24,5208.0
2017-03-25,4215.0
2017-03-26,2339.0
2017-03-27,6037.0
2017-03-28,6283.0
2017-03-29,6285.0
2017-03-30,6694.0
2017-03-31,6526.0
2017-04-01,4605.0
2017-04-02,2102.0
2017-04-03,6413.0
2017-04-04,6366.0
2017-04-05,6628.0
2017-04-06,6159.0
2017-04-07,6150.0
2017-04-08,4988.0
2017-04-09,2665.0
2017-04-10,5888.0
2017-04-11,5998.0
2017-04-12,6254.0
2017-04-13,5710.0
2017-04-14,1682.0
2017-04-15,3027.0
2017-04-16,913.0
2017-04-17,867.0
2017-04-18,4495.0
2017-04-19,4120.0
2017-04-20,5345.0
2017-04-21,5646.0
2017-04-22,3286.0
2017-04-23,2266.0
2017-04-24,6590.0
2017-04-25,5604.0
2017-04-26,5430.0
2017-04-27,5536.0
2017-04-28,6376.0
2017-04-29,4860.0
2017-04-30,2813.0
2017-05-01,1305.0
2017-05-02,6032.0
2017-05-03,6084.0
2017-05-04,6021.0
2017-05-05,5872.0
2017-05-06,4108.0
2017-05-07,1798.0
2017-05-08,3719.0
2017-05-09,6271.0
2017-05-10,6951.0
2017-05-11,6349.0
2017-05-12,6214.0
2017-05-13,4978.0
2017-05-14,2180.0
2017-05-15,7100.0
2017-05-16,7580.0
2017-05-17,7417.0
2017-05-18,7003.0
2017-05-19,3551.0
2017-05-20,4922.0
2017-05-21,3071.0
2017-05-22,7284.0
2017-05-23,7571.0
2017-05-24,8610.0
2017-05-25,3612.0
2017-05-26,7114.0
2017-05-27,5280.0
2017-05-28,2780.0
2017-05-29,7155.0
2017-05-30,6903.0
2017-05-31,8197.0
2017-06-01,8072.0
2017-06-02,6998.0
2017-06-03,5314.0
2017-06-04,1947.0
2017-06-05,2480.0
2017-06-06,5465.0
2017-06-07,5416.0
2017-06-08,6827.0
2017-06-09,5808.0
2017-06-10,5133.0
2017-06-11,2416.0
2017-06-12,6519.0
2017-06-13,7155.0
2017-06-14,7412.0
2017-06-15,2561.0
2017-06-16,6501.0
2017-06-17,4952.0
2017-06-18,2875.0
2017-06-19,7779.0
2017-06-20,7541.0
2017-06-21,7397.0
2017-06-22,7120.0
2017-06-23,7234.0
2017-06-24,5435.0
2017-06-25,2787.0
2017-06-26,7426.0
2017-06-27,7550.0
2017-06-28,6590.0
2017-06-29,6747.0
2017-06-30,7378.0
2017-07-01,4560.0
2017-07-02,2165.0
2017-07-03,7403.0
2017-07-04,7868.0
2017-07-05,7817.0
2017-07-06,7891.0
2017-07-07,6918.0
2017-07-08,5058.0
2017-07-09,2558.0
2017-07-10,6047.0
2017-07-11,6912.0
2017-07-12,6384.0
2017-07-13,8258.0
2017-07-14,7118.0
2017-07-15,5486.0
2017-07-16,2804.0
2017-07-17,7734.0
2017-07-18,7725.0
2017-07-19,7450.0
2017-07-20,6922.0
2017-07-21,7723.0
2017-07-22,5892.0
2017-07-23,3387.0
2017-07-24,5148.0
2017-07-25,4248.0
2017-07-26,5870.0
2017-07-27,6158.0
2017-07-28,7268.0
2017-07-29,5246.0
2017-07-30,2374.0
2017-07-31,6101.0
2017-08-01,6282.0
2017-08-02,6596.0
2017-08-03,6542.0
2017-08-04,6596.0
2017-08-05,5028.0
2017-08-06,2671.0
2017-08-07,6435.0
2017-08-08,5951.0
2017-08-09,6257.0
2017-08-10,2711.0
2017-08-11,4269.0
2017-08-12,3672.0
2017-08-13,1960.0
2017-08-14,6256.0
2017-08-15,6194.0
2017-08-16,6027.0
2017-08-17,6318.0
2017-08-18,5169.0
2017-08-19,4570.0
2017-08-20,2294.0
2017-08-21,6006.0
2017-08-22,6195.0
2017-08-23,6116.0
2017-08-24,6126.0
2017-08-25,5806.0
2017-08-26,4087.0
2017-08-27,2044.0
2017-08-28,5811.0
2017-08-29,5996.0
2017-08-30,5799.0
2017-08-31,4526.0
2017-09-01,5985.0
2017-09-02,3136.0
2017-09-03,2264.0
2017-09-04,5917.0
2017-09-05,6506.0
2017-09-06,5651.0
2017-09-07,5947.0
2017-09-08,5607.0
2017-09-09,3523.0
2017-09-10,2572.0
2017-09-11,5313.0
2017-09-12,5448.0
2017-09-13,3941.0
2017-09-14,3420.0
2017-09-15,5646.0
2017-09-16,4949.0
2017-09-17,2178.0
2017-09-18,5887.0
2017-09-19,5551.0
2017-09-20,6446.0
2017-09-21,6481.0
2017-09-22,6530.0
2017-09-23,4912.0
2017-09-24,2694.0
2017-09-25,6422.0
2017-09-26,6348.0
2017-09-27,6469.0
2017-09-28,6467.0
2017-09-29,6963.0
2017-09-30,4111.0
2017-10-01,2187.0
2017-10-02,5142.0
2017-10-03,2332.0
2017-10-04,6495.0
2017-10-05,5065.0
2017-10-06,4631.0
2017-10-07,3860.0
2017-10-08,2088.0
2017-10-09,5854.0
2017-10-10,5777.0
2017-10-11,6531.0
2017-10-12,6588.0
2017-10-13,6672.0
2017-10-14,5119.0
2017-10-15,2534.0
2017-10-16,6934.0
2017-10-17,7141.0
2017-10-18,6853.0
2017-10-19,7282.0
2017-10-20,6495.0
2017-10-21,3859.0
2017-10-22,1585.0
2017-10-23,6099.0
2017-10-24,6574.0
2017-10-25,6804.0
2017-10-26,6792.0
2017-10-27,5940.0
2017-10-28,3919.0
2017-10-29,1586.0
2017-10-30,5645.0
2017-10-31,2051.0
2017-11-01,2300.0
2017-11-02,6262.0
2017-11-03,6242.0
2017-11-04,4669.0
2017-11-05,1494.0
2017-11-06,6157.0
2017-11-07,5817.0
2017-11-08,4686.0
2017-11-09,5339.0
2017-11-10,4563.0
2017-11-11,2157.0
2017-11-12,842.0
2017-11-13,5037.0
2017-11-14,5506.0
2017-11-15,5285.0
2017-11-16,5013.0
2017-11-17,4356.0
2017-11-18,3248.0
2017-11-19,1578.0
2017-11-20,4493.0
2017-11-21,4212.0
2017-11-22,5118.0
2017-11-23,5105.0
2017-11-24,4139.0
2017-11-25,1889.0
2017-11-26,1379.0
2017-11-27,4024.0
2017-11-28,3518.0
2017-11-29,4164.0
2017-11-30,3964.0
2017-12-01,3619.0
2017-12-02,2396.0
2017-12-03,1011.0
2017-12-04,3442.0
2017-12-05,4027.0
2017-12-06,4072.0
2017-12-07,4437.0
2017-12-08,3497.0
2017-12-09,2434.0
2017-12-10,739.0
2017-12-11,2498.0
2017-12-12,3967.0
2017-12-13,3425.0
2017-12-14,3860.0
2017-12-15,3470.0
2017-12-16,2605.0
2017-12-17,1285.0
2017-12-18,3393.0
2017-12-19,4305.0
2017-12-20,4139.0
2017-12-21,3829.0
2017-12-22,2967.0
2017-12-23,2284.0
2017-12-24,527.0
2017-12-25,401.0
2017-12-26,485.0
2017-12-27,1788.0
2017-12-28,1996.0
2017-12-29,2307.0
2017-12-30,1619.0
2017-12-31,821.0
2018-01-01,693.0
2018-01-02,2710.0
2018-01-03,2060.0
2018-01-04,2034.0
2018-01-05,2899.0
2018-01-06,1390.0
2018-01-07,1300.0
2018-01-08,4645.0
2018-01-09,4854.0
2018-01-10,4854.0
2018-01-11,5196.0
2018-01-12,5020.0
2018-01-13,3381.0
2018-01-14,1550.0
2018-01-15,4427.0
2018-01-16,3445.0
2018-01-17,4040.0
2018-01-18,3028.0
2018-01-19,3950.0
2018-01-20,1767.0
2018-01-21,1357.0
2018-01-22,3297.0
2018-01-23,4790.0
2018-01-24,5103.0
2018-01-25,5130.0
2018-01-26,3477.0
2018-01-27,3388.0
2018-01-28,1503.0
2018-01-29,4745.0
2018-01-30,4860.0
2018-01-31,4224.0
2018-02-01,4528.0
2018-02-02,4515.0
2018-02-03,3159.0
2018-02-04,1091.0
2018-02-05,4315.0
2018-02-06,4547.0
2018-02-07,4470.0
2018-02-08,4628.0
2018-02-09,4415.0
2018-02-10,2924.0
2018-02-11,1118.0
2018-02-12,3783.0
2018-02-13,3439.0
2018-02-14,4504.0
2018-02-15,3112.0
2018-02-16,4049.0
2018-02-17,1792.0
2018-02-18,1353.0
2018-02-19,3989.0
2018-02-20,4054.0
2018-02-21,4083.0
2018-02-22,4062.0
2018-02-23,3891.0
2018-02-24,2607.0
2018-02-25,1179.0
2018-02-26,3261.0
2018-02-27,3268.0
2018-02-28,3126.0
2018-03-01,3457.0
2018-03-02,3301.0
2018-03-03,2456.0
2018-03-04,1421.0
2018-03-05,4600.0
2018-03-06,4580.0
2018-03-07,4198.0
2018-03-08,4758.0
2018-03-09,4429.0
2018-03-10,2745.0
2018-03-11,1483.0
2018-03-12,4176.0
2018-03-13,3825.0
2018-03-14,4855.0
2018-03-15,4579.0
2018-03-16,4579.0
2018-03-17,2886.0
2018-03-18,962.0
2018-03-19,3762.0
2018-03-20,4035.0
2018-03-21,4511.0
2018-03-22,3851.0
2018-03-23,4456.0
2018-03-24,3801.0
2018-03-25,1880.0
2018-03-26,4430.0
2018-03-27,4657.0
2018-03-28,3844.0
2018-03-29,4857.0
2018-03-30,1403.0
2018-03-31,3241.0
2018-04-01,705.0
2018-04-02,1380.0
2018-04-03,5167.0
2018-04-04,4360.0
2018-04-05,4305.0
2018-04-06,5610.0
2018-04-07,4979.0
2018-04-08,2615.0
2018-04-09,5962.0
2018-04-10,5573.0
2018-04-11,6481.0
2018-04-12,6434.0
2018-04-13,4671.0
2018-04-14,5080.0
2018-04-15,2669.0
2018-04-16,6619.0
2018-04-17,7242.0
2018-04-18,7076.0
2018-04-19,8199.0
2018-04-20,8070.0
2018-04-21,6343.0
2018-04-22,4605.0
2018-04-23,6622.0
2018-04-24,7567.0
2018-04-25,7700.0
2018-04-26,6987.0
2018-04-27,7787.0
2018-04-28,4779.0
2018-04-29,2968.0
2018-04-30,6103.0
2018-05-01,2604.0
2018-05-02,6453.0
2018-05-03,6894.0
2018-05-04,8364.0
2018-05-05,7987.0
2018-05-06,3176.0
2018-05-07,7845.0
2018-05-08,13109.0
2018-05-09,12701.0
2018-05-10,2790.0
2018-05-11,7836.0
2018-05-12,6306.0
2018-05-13,1688.0
2018-05-14,5142.0
2018-05-15,6577.0
2018-05-16,4983.0
2018-05-17,6011.0
2018-05-18,7447.0
2018-05-19,4695.0
2018-05-20,1284.0
2018-05-21,2719.0
2018-05-22,5146.0
2018-05-23,5256.0
2018-05-24,5695.0
2018-05-25,6531.0
2018-05-26,4973.0
2018-05-27,3320.0
2018-05-28,10200.0
2018-05-29,7613.0
2018-05-30,9097.0
2018-05-31,6041.0
2018-06-01,7686.0
2018-06-02,6880.0
2018-06-03,4450.0
2018-06-04,9256.0
2018-06-05,13292.0
2018-06-06,13538.0
2018-06-07,13316.0
2018-06-08,16149.0
2018-06-09,14357.0
2018-06-10,9801.0
2018-06-11,7806.0
2018-06-12,7927.0
2018-06-13,15952.0
2018-06-14,7225.0
2018-06-15,7108.0
2018-06-16,6058.0
2018-06-17,4705.0
2018-06-18,7261.0
2018-06-19,7038.0
2018-06-20,7239.0
2018-06-21,7731.0
2018-06-22,6876.0
2018-06-23,5211.0
2018-06-24,2408.0
2018-06-25,6988.0
2018-06-26,7169.0
2018-06-27,7406.0
2018-06-28,7291.0
2018-06-29,7123.0
2018-06-30,5323.0
2018-07-01,2619.0
2018-07-02,6874.0
2018-07-03,7363.0
2018-07-04,7053.0
2018-07-05,5934.0
2018-07-06,6631.0
2018-07-07,5475.0
2018-07-08,2661.0
2018-07-09,7281.0
2018-07-10,6874.0
2018-07-11,7309.0
2018-07-12,7677.0
2018-07-13,7856.0
2018-07-14,6113.0
2018-07-15,3073.0
2018-07-16,7443.0
2018-07-17,8539.0
2018-07-18,9308.0
2018-07-19,9517.0
2018-07-20,7687.0
2018-07-21,4449.0
2018-07-22,2837.0
2018-07-23,7577.0
2018-07-24,7493.0
2018-07-25,7539.0
2018-07-26,9734.0
2018-07-27,9955.0
2018-07-28,5282.0
2018-07-29,2899.0
2018-07-30,6917.0
2018-07-31,6711.0
2018-08-01,7467.0
2018-08-02,13450.0
2018-08-03,12502.0
2018-08-04,5492.0
2018-08-05,3343.0
2018-08-06,9327.0
2018-08-07,6843.0
2018-08-08,8298.0
2018-08-09,7237.0
2018-08-10,6921.0
2018-08-11,5059.0
2018-08-12,2978.0
2018-08-13,4925.0
2018-08-14,6519.0
2018-08-15,6472.0
2018-08-16,6675.0
2018-08-17,5918.0
2018-08-18,4920.0
2018-08-19,2505.0
2018-08-20,6252.0
2018-08-21,6161.0
2018-08-22,6188.0
2018-08-23,5930.0
2018-08-24,5206.0
2018-08-25,3215.0
2018-08-26,2304.0
2018-08-27,5851.0
2018-08-28,6434.0
2018-08-29,6003.0
2018-08-30,5890.0
2018-08-31,5591.0
2018-09-01,4971.0
2018-09-02,1912.0
2018-09-03,5813.0
2018-09-04,6373.0
2018-09-05,6667.0
2018-09-06,6261.0
2018-09-07,6267.0
2018-09-08,6180.0
2018-09-09,3017.0
2018-09-10,6726.0
2018-09-11,6994.0
2018-09-12,7143.0
2018-09-13,5814.0
2018-09-14,6681.0
2018-09-15,6015.0
2018-09-16,2827.0
2018-09-17,6926.0
2018-09-18,7145.0
2018-09-19,7398.0
2018-09-20,7489.0
2018-09-21,6370.0
2018-09-22,5211.0
2018-09-23,1691.0
2018-09-24,6483.0
2018-09-25,6805.0
2018-09-26,6734.0
2018-09-27,7089.0
2018-09-28,7098.0
2018-09-29,5164.0
2018-09-30,2389.0
2018-10-01,6051.0
2018-10-02,6334.0
2018-10-03,2289.0
2018-10-04,7530.0
2018-10-05,7323.0
2018-10-06,5403.0
2018-10-07,2629.0
2018-10-08,7197.0
2018-10-09,7403.0
2018-10-10,7370.0
2018-10-11,7434.0
2018-10-12,7543.0
2018-10-13,6392.0
2018-10-14,4491.0
2018-10-15,7613.0
2018-10-16,7522.0
2018-10-17,7622.0
2018-10-18,7977.0
2018-10-19,7610.0
2018-10-20,5433.0
2018-10-21,2621.0
2018-10-22,6922.0
2018-10-23,6771.0
2018-10-24,6257.0
2018-10-25,6882.0
2018-10-26,6797.0
2018-10-27,4668.0
2018-10-28,1370.0
2018-10-29,5491.0
2018-10-30,4921.0
2018-10-31,6434.0
2018-11-01,2449.0
2018-11-02,5544.0
2018-11-03,4284.0
2018-11-04,2097.0
2018-11-05,6215.0
2018-11-06,6433.0
2018-11-07,6646.0
2018-11-08,6236.0
2018-11-09,5976.0
2018-11-10,4048.0
2018-11-11,2039.0
2018-11-12,5770.0
2018-11-13,4758.0
2018-11-14,5493.0
2018-11-15,5522.0
2018-11-16,5584.0
2018-11-17,3759.0
2018-11-18,1672.0
2018-11-19,4694.0
2018-11-20,4787.0
2018-11-21,4647.0
2018-11-22,5185.0
2018-11-23,5002.0
2018-11-24,3027.0
2018-11-25,1760.0
2018-11-26,4032.0
2018-11-27,4450.0
2018-11-28,4654.0
2018-11-29,4838.0
2018-11-30,3873.0
2018-12-01,3107.0
2018-12-02,1176.0
2018-12-03,2563.0
2018-12-04,4377.0
2018-12-05,4798.0
2018-12-06,4569.0
2018-12-07,4107.0
2018-12-08,1762.0
2018-12-09,1108.0
2018-12-10,4303.0
2018-12-11,4484.0
2018-12-12,4400.0
2018-12-13,4249.0
2018-12-14,3958.0
2018-12-15,2781.0
2018-12-16,1092.0
2018-12-17,4217.0
2018-12-18,4695.0
2018-12-19,4162.0
2018-12-20,3907.0
2018-12-21,3030.0
2018-12-22,2000.0
2018-12-23,744.0
2018-12-24,1486.0
2018-12-25,384.0
2018-12-26,490.0
2018-12-27,2180.0
2018-12-28,2724.0
2018-12-29,1950.0
2018-12-30,867.0
2018-12-31,1749.0
2019-01-01,701.0
2019-01-02,3047.0
2019-01-03,3041.0
2019-01-04,3420.0
2019-01-05,1697.0
2019-01-06,974.0
2019-01-07,4538.0
2019-01-08,4235.0
2019-01-09,4434.0
2019-01-10,4656.0
2019-01-11,3891.0
2019-01-12,2616.0
2019-01-13,919.0
2019-01-14,4524.0
2019-01-15,4836.0
2019-01-16,5282.0
2019-01-17,4597.0
2019-01-18,5008.0
2019-01-19,3338.0
2019-01-20,1376.0
2019-01-21,4515.0
2019-01-22,4623.0
2019-01-23,4431.0
2019-01-24,4427.0
2019-01-25,3937.0
2019-01-26,2884.0
2019-01-27,1315.0
2019-01-28,3821.0
2019-01-29,5030.0
2019-01-30,4497.0
2019-01-31,4521.0
2019-02-01,4476.0
2019-02-02,3509.0
2019-02-03,1495.0
2019-02-04,5011.0
2019-02-05,5283.0
2019-02-06,5017.0
2019-02-07,4513.0
2019-02-08,5184.0
2019-02-09,3481.0
2019-02-10,1248.0
2019-02-11,4813.0
2019-02-12,5223.0
2019-02-13,5443.0
2019-02-14,5533.0
2019-02-15,5490.0
2019-02-16,4142.0
2019-02-17,2212.0
2019-02-18,5531.0
2019-02-19,5399.0
2019-02-20,5686.0
2019-02-21,5786.0
2019-02-22,5692.0
2019-02-23,4171.0
2019-02-24,2145.0
2019-02-25,5569.0
2019-02-26,6071.0
2019-02-27,6073.0
2019-02-28,6207.0
2019-03-01,4296.0
2019-03-02,3668.0
2019-03-03,1547.0
2019-03-04,3462.0
2019-03-05,3210.0
2019-03-06,5488.0
2019-03-07,4864.0
2019-03-08,4862.0
2019-03-09,2830.0
2019-03-10,1172.0
2019-03-11,4595.0
2019-03-12,5305.0
2019-03-13,4919.0
2019-03-14,3363.0
2019-03-15,3160.0
2019-03-16,3702.0
2019-03-17,1612.0
2019-03-18,5040.0
2019-03-19,5684.0
2019-03-20,5838.0
2019-03-21,6177.0
2019-03-22,6293.0
2019-03-23,4862.0
2019-03-24,2493.0
2019-03-25,5449.0
2019-03-26,5699.0
2019-03-27,6100.0
2019-03-28,6453.0
2019-03-29,6718.0
2019-03-30,5052.0
2019-03-31,2459.0
2019-04-01,6391.0
2019-04-02,6800.0
2019-04-03,4590.0
2019-04-04,4200.0
2019-04-05,5670.0
2019-04-06,4996.0
2019-04-07,2365.0
2019-04-08,6209.0
2019-04-09,5574.0
2019-04-10,5887.0
2019-04-11,6672.0
2019-04-12,6464.0
2019-04-13,3725.0
2019-04-14,1951.0
2019-04-15,6326.0
2019-04-16,6369.0
2019-04-17,6516.0
2019-04-18,7054.0
2019-04-19,2399.0
2019-04-20,4352.0
2019-04-21,1862.0
2019-04-22,2174.0
2019-04-23,6736.0
2019-04-24,6662.0
2019-04-25,7028.0
2019-04-26,4643.0
2019-04-27,3237.0
2019-04-28,2118.0
2019-04-29,6411.0
2019-04-30,7462.0
2019-05-01,3522.0
2019-05-02,6255.0
2019-05-03,5782.0
2019-05-04,2441.0
2019-05-05,2854.0
2019-05-06,6320.0
2019-05-07,7436.0
2019-05-08,4969.0
2019-05-09,4814.0
2019-05-10,7101.0
2019-05-11,3754.0
2019-05-12,2271.0
2019-05-13,7397.0
2019-05-14,7382.0
2019-05-15,7725.0
2019-05-16,7494.0
2019-05-17,7629.0
2019-05-18,5274.0
2019-05-19,2639.0
2019-05-20,6042.0
2019-05-21,3315.0
2019-05-22,7432.0
2019-05-23,8310.0
2019-05-24,8253.0
2019-05-25,5540.0
2019-05-26,3648.0
2019-05-27,7388.0
2019-05-28,7203.0
2019-05-29,7860.0
2019-05-30,3667.0
2019-05-31,7157.0
2019-06-01,5664.0
2019-06-02,3143.0
2019-06-03,7722.0
2019-06-04,8362.0
2019-06-05,8114.0
2019-06-06,8346.0
2019-06-07,7470.0
2019-06-08,5526.0
2019-06-09,2488.0
2019-06-10,1657.0
2019-06-11,6218.0
2019-06-12,5990.0
2019-06-13,7123.0
2019-06-14,6552.0
2019-06-15,5242.0
2019-06-16,2611.0
2019-06-17,7371.0
2019-06-18,7719.0
2019-06-19,7680.0
2019-06-20,2952.0
2019-06-21,7211.0
2019-06-22,3954.0
2019-06-23,2830.0
2019-06-24,8009.0
2019-06-25,7932.0
2019-06-26,7578.0
2019-06-27,8481.0
2019-06-28,8389.0
2019-06-29,6223.0
2019-06-30,3201.0
2019-07-01,8314.0
2019-07-02,9516.0
2019-07-03,8936.0
2019-07-04,9153.0
2019-07-05,8228.0
2019-07-06,6336.0
2019-07-07,2837.0
2019-07-08,8430.0
2019-07-09,8517.0
2019-07-10,8509.0
2019-07-11,6142.0
2019-07-12,5155.0
2019-07-13,5165.0
2019-07-14,2200.0
2019-07-15,7845.0
2019-07-16,8781.0
2019-07-17,8674.0
2019-07-18,8662.0
2019-07-19,8645.0
2019-07-20,6005.0
2019-07-21,3438.0
2019-07-22,8358.0
2019-07-23,9021.0
2019-07-24,8145.0
2019-07-25,7641.0
2019-07-26,7936.0
2019-07-27,5758.0
2019-07-28,2161.0
2019-07-29,8028.0
2019-07-30,8057.0
2019-07-31,8187.0
2019-08-01,8097.0
2019-08-02,7770.0
2019-08-03,5992.0
2019-08-04,3026.0
2019-08-05,6840.0
2019-08-06,7455.0
2019-08-07,4895.0
2019-08-08,7631.0
2019-08-09,6925.0
2019-08-10,5355.0
2019-08-11,2295.0
2019-08-12,6805.0
2019-08-13,7116.0
2019-08-14,6905.0
2019-08-15,6192.0
2019-08-16,7065.0
2019-08-17,4254.0
2019-08-18,2555.0
2019-08-19,6778.0
2019-08-20,6336.0
2019-08-21,7095.0
2019-08-22,6783.0
2019-08-23,6973.0
2019-08-24,5234.0
2019-08-25,2627.0
2019-08-26,6652.0
2019-08-27,6680.0
2019-08-28,6673.0
2019-08-29,6930.0
2019-08-30,7319.0
2019-08-31,5157.0
2019-09-01,2730.0
2019-09-02,7254.0
2019-09-03,7622.0
2019-09-04,7486.0
2019-09-05,7013.0
2019-09-06,7420.0
2019-09-07,4566.0
2019-09-08,1642.0
2019-09-09,6542.0
2019-09-10,7688.0
2019-09-11,7765.0
2019-09-12,7682.0
2019-09-13,7806.0
2019-09-14,6131.0
2019-09-15,3166.0
2019-09-16,7758.0
2019-09-17,7598.0
2019-09-18,7928.0
2019-09-19,7600.0
2019-09-20,8427.0
2019-09-21,5849.0
2019-09-22,2947.0
2019-09-23,6376.0
2019-09-24,6949.0
2019-09-25,5940.0
2019-09-26,6700.0
2019-09-27,5656.0
2019-09-28,4756.0
2019-09-29,2859.0
2019-09-30,6942.0
2019-10-01,6818.0
2019-10-02,6279.0
2019-10-03,2598.0
2019-10-04,3931.0
2019-10-05,3634.0
2019-10-06,1606.0
2019-10-07,7076.0
2019-10-08,6552.0
2019-10-09,6204.0
2019-10-10,5265.0
2019-10-11,6752.0
2019-10-12,5043.0
2019-10-13,3783.0
2019-10-14,7807.0
2019-10-15,7232.0
2019-10-16,7662.0
2019-10-17,6650.0
2019-10-18,6672.0
2019-10-19,4358.0
2019-10-20,2798.0
2019-10-21,7075.0
2019-10-22,7858.0
2019-10-23,7993.0
2019-10-24,8186.0
2019-10-25,8425.0
2019-10-26,6039.0
2019-10-27,2507.0
2019-10-28,6672.0
2019-10-29,6815.0
2019-10-30,6667.0
2019-10-31,7127.0
2019-11-01,2078.0
2019-11-02,4221.0
2019-11-03,1852.0
2019-11-04,6272.0
2019-11-05,7375.0
2019-11-06,6741.0
2019-11-07,6285.0
2019-11-08,4176.0
2019-11-09,4145.0
2019-11-10,1920.0
2019-11-11,5540.0
2019-11-12,5998.0
2019-11-13,5758.0
2019-11-14,5753.0
2019-11-15,5384.0
2019-11-16,3270.0
2019-11-17,1424.0
2019-11-18,4718.0
2019-11-19,5056.0
2019-11-20,5054.0
2019-11-21,5198.0
2019-11-22,4938.0
2019-11-23,3570.0
2019-11-24,1995.0
2019-11-25,5130.0
2019-11-26,5691.0
2019-11-27,4825.0
2019-11-28,4552.0
2019-11-29,4200.0
2019-11-30,3179.0
2019-12-01,1605.0
2019-12-02,4848.0
2019-12-03,4861.0
2019-12-04,4874.0
2019-12-05,4744.0
2019-12-06,4414.0
2019-12-07,2723.0
2019-12-08,1410.0
2019-12-09,3549.0
2019-12-10,4846.0
2019-12-11,4056.0
2019-12-12,4456.0
2019-12-13,3042.0
2019-12-14,2485.0
2019-12-15,1010.0
2019-12-16,4917.0
2019-12-17,5364.0
2019-12-18,4995.0
2019-12-19,5024.0
2019-12-20,3907.0
2019-12-21,2987.0
2019-12-22,1014.0
2019-12-23,3152.0
2019-12-24,1233.0
2019-12-25,523.0
2019-12-26,795.0
2019-12-27,2340.0
2019-12-28,2366.0
2019-12-29,1005.0
2019-12-30,2714.0
2019-12-31,1716.0
2020-01-01,779.0
2020-01-02,3132.0
2020-01-03,3349.0
2020-01-04,3155.0
2020-01-05,1610.0
2020-01-06,1479.0
2020-01-07,5458.0
2020-01-08,5616.0
2020-01-09,5871.0
2020-01-10,5405.0
2020-01-11,4372.0
2020-01-12,1882.0
2020-01-13,5805.0
2020-01-14,6131.0
2020-01-15,6438.0
2020-01-16,6612.0
2020-01-17,5544.0
2020-01-18,3925.0
2020-01-19,1948.0
2020-01-20,5921.0
2020-01-21,5814.0
2020-01-22,5494.0
2020-01-23,5534.0
2020-01-24,5521.0
2020-01-25,3887.0
2020-01-26,1812.0
2020-01-27,4974.0
2020-01-28,4267.0
2020-01-29,4919.0
2020-01-30,5838.0
2020-01-31,5958.0
2020-02-01,3125.0
2020-02-02,1676.0
2020-02-03,4317.0
2020-02-04,5371.0
2020-02-05,6112.0
2020-02-06,5931.0
2020-02-07,5735.0
2020-02-08,4173.0
2020-02-09,1795.0
2020-02-10,3297.0
2020-02-11,4880.0
2020-02-12,5093.0
2020-02-13,4738.0
2020-02-14,5548.0
2020-02-15,4576.0
2020-02-16,2546.0
2020-02-17,3818.0
2020-02-18,5656.0
2020-02-19,4931.0
2020-02-20,5754.0
2020-02-21,5528.0
2020-02-22,3882.0
2020-02-23,1429.0
2020-02-24,4168.0
2020-02-25,3188.0
2020-02-26,4429.0
2020-02-27,3687.0
2020-02-28,5284.0
2020-02-29,3342.0
2020-03-01,1770.0
2020-03-02,4615.0
2020-03-03,5238.0
2020-03-04,5789.0
2020-03-05,3928.0
2020-03-06,4085.0
2020-03-07,3895.0
2020-03-08,2097.0
2020-03-09,5070.0
2020-03-10,3857.0
2020-03-11,5649.0
2020-03-12,5010.0
2020-03-13,5355.0
2020-03-14,3697.0
2020-03-15,1935.0
2020-03-16,5314.0
2020-03-17,4295.0
2020-03-18,4015.0
2020-03-19,3328.0
2020-03-20,3326.0
2020-03-21,623.0
2020-03-22,823.0
2020-03-23,2346.0
2020-03-24,2252.0
2020-03-25,2311.0
2020-03-26,2393.0
2020-03-27,2630.0
2020-03-28,1886.0
2020-03-29,590.0
2020-03-30,2421.0
2020-03-31,2424.0
2020-04-01,2626.0
2020-04-02,2744.0
2020-04-03,2596.0
2020-04-04,2111.0
2020-04-05,1372.0
2020-04-06,3258.0
2020-04-07,3218.0
2020-04-08,3622.0
2020-04-09,3527.0
2020-04-10,1556.0
2020-04-11,2584.0
2020-04-12,1461.0
2020-04-13,1222.0
2020-04-14,2962.0
2020-04-15,3244.0
2020-04-16,3483.0
2020-04-17,3715.0
2020-04-18,2615.0
2020-04-19,1823.0
2020-04-20,4461.0
2020-04-21,4369.0
2020-04-22,4663.0
2020-04-23,4844.0
2020-04-24,4845.0
2020-04-25,3739.0
2020-04-26,2130.0
2020-04-27,4848.0
2020-04-28,3806.0
2020-04-29,4197.0
2020-04-30,3797.0
2020-05-01,964.0
2020-05-02,3617.0
2020-05-03,1798.0
2020-05-04,4323.0
2020-05-05,5111.0
2020-05-06,5399.0
2020-05-07,5533.0
2020-05-08,5717.0
2020-05-09,3870.0
2020-05-10,1902.0
2020-05-11,1875.0
2020-05-12,5186.0
2020-05-13,4571.0
2020-05-14,5068.0
2020-05-15,5496.0
2020-05-16,4434.0
2020-05-17,2154.0
2020-05-18,6221.0
2020-05-19,6351.0
2020-05-20,6499.0
2020-05-21,2638.0
2020-05-22,5997.0
2020-05-23,2601.0
2020-05-24,2012.0
2020-05-25,5687.0
2020-05-26,6384.0
2020-05-27,6612.0
2020-05-28,6623.0
2020-05-29,6900.0
2020-05-30,5092.0
2020-05-31,2408.0
2020-06-01,2521.0
2020-06-02,6984.0
2020-06-03,6712.0
2020-06-04,4192.0
2020-06-05,4010.0
2020-06-06,3771.0
2020-06-07,2422.0
2020-06-08,6376.0
2020-06-09,4824.0
2020-06-10,5380.0
2020-06-11,2762.0
2020-06-12,7079.0
2020-06-13,4954.0
2020-06-14,1339.0
2020-06-15,6496.0
2020-06-16,6247.0
2020-06-17,5424.0
2020-06-18,7382.0
2020-06-19,7564.0
2020-06-20,5766.0
2020-06-21,3212.0
2020-06-22,7236.0
2020-06-23,7711.0
2020-06-24,7611.0
2020-06-25,7783.0
2020-06-26,7242.0
2020-06-27,5825.0
2020-06-28,2613.0
2020-06-29,6510.0
2020-06-30,7683.0
2020-07-01,8045.0
2020-07-02,7347.0
2020-07-03,8140.0
2020-07-04,6018.0
2020-07-05,3015.0
2020-07-06,7542.0
2020-07-07,8200.0
2020-07-08,7995.0
2020-07-09,8063.0
2020-07-10,7983.0
2020-07-11,6148.0
2020-07-12,3177.0
2020-07-13,7720.0
2020-07-14,8107.0
2020-07-15,5305.0
2020-07-16,5025.0
2020-07-17,7509.0
2020-07-18,6184.0
2020-07-19,3104.0
2020-07-20,7676.0
2020-07-21,8284.0
2020-07-22,8426.0
2020-07-23,8462.0
2020-07-24,8094.0
2020-07-25,6255.0
2020-07-26,2925.0
2020-07-27,7924.0
2020-07-28,8282.0
2020-07-29,8322.0
2020-07-30,8140.0
2020-07-31,7502.0
2020-08-01,5581.0
2020-08-02,2946.0
2020-08-03,6726.0
2020-08-04,7377.0
2020-08-05,7607.0
2020-08-06,7512.0
2020-08-07,7056.0
2020-08-08,5135.0
2020-08-09,2493.0
2020-08-10,6504.0
2020-08-11,6886.0
2020-08-12,6352.0
2020-08-13,6432.0
2020-08-14,6937.0
2020-08-15,5408.0
2020-08-16,2835.0
2020-08-17,6416.0
2020-08-18,6927.0
2020-08-19,7291.0
2020-08-20,6823.0
2020-08-21,6427.0
2020-08-22,5134.0
2020-08-23,2776.0
2020-08-24,6692.0
2020-08-25,7012.0
2020-08-26,6332.0
2020-08-27,7116.0
2020-08-28,5396.0
2020-08-29,5322.0
2020-08-30,1565.0
2020-08-31,6032.0
2020-09-01,6697.0
2020-09-02,7365.0
2020-09-03,7230.0
2020-09-04,7063.0
2020-09-05,5411.0
2020-09-06,2673.0
2020-09-07,7521.0
2020-09-08,7823.0
2020-09-09,7899.0
2020-09-10,7834.0
2020-09-11,7696.0
2020-09-12,5980.0
2020-09-13,3109.0
2020-09-14,7735.0
2020-09-15,8268.0
2020-09-16,8245.0
2020-09-17,8195.0
2020-09-18,8438.0
2020-09-19,6381.0
2020-09-20,3499.0
2020-09-21,7981.0
2020-09-22,8037.0
2020-09-23,7853.0
2020-09-24,7197.0
2020-09-25,6757.0
2020-09-26,3029.0
2020-09-27,2229.0
2020-09-28,7173.0
2020-09-29,6449.0
2020-09-30,8399.0
2020-10-01,7076.0
2020-10-02,7520.0
2020-10-03,2594.0
2020-10-04,2596.0
2020-10-05,6498.0
2020-10-06,6471.0
2020-10-07,6313.0
2020-10-08,6910.0
2020-10-09,7183.0
2020-10-10,4691.0
2020-10-11,2364.0
2020-10-12,6441.0
2020-10-13,7194.0
2020-10-14,6681.0
2020-10-15,5935.0
2020-10-16,6154.0
2020-10-17,4797.0
2020-10-18,2421.0
2020-10-19,7020.0
2020-10-20,7109.0
2020-10-21,7170.0
2020-10-22,7310.0
2020-10-23,6049.0
2020-10-24,5002.0
2020-10-25,2674.0
2020-10-26,4914.0
2020-10-27,6539.0
2020-10-28,6075.0
2020-10-29,5252.0
2020-10-30,6317.0
2020-10-31,5046.0
2020-11-01,1979.0
2020-11-02,5901.0
2020-11-03,5272.0
2020-11-04,5815.0
2020-11-05,5853.0
2020-11-06,5564.0
2020-11-07,4076.0
2020-11-08,1533.0
2020-11-09,5696.0
2020-11-10,5682.0
2020-11-11,5532.0
2020-11-12,5280.0
2020-11-13,5879.0
2020-11-14,4321.0
2020-11-15,1930.0
2020-11-16,5068.0
2020-11-17,5922.0
2020-11-18,5901.0
2020-11-19,4565.0
2020-11-20,5744.0
2020-11-21,3721.0
2020-11-22,1381.0
2020-11-23,5111.0
2020-11-24,5550.0
2020-11-25,5387.0
2020-11-26,5470.0
2020-11-27,4825.0
2020-11-28,3463.0
2020-11-29,1306.0
2020-11-30,5062.0
2020-12-01,4091.0
2020-12-02,5163.0
2020-12-03,5456.0
2020-12-04,5224.0
2020-12-05,3622.0
2020-12-06,1387.0
2020-12-07,5187.0
2020-12-08,5591.0
2020-12-09,5416.0
2020-12-10,5471.0
2020-12-11,5443.0
2020-12-12,3030.0
2020-12-13,1273.0
2020-12-14,6074.0
2020-12-15,5612.0
2020-12-16,3640.0
2020-12-17,3510.0
2020-12-18,3466.0
2020-12-19,2307.0
2020-12-20,868.0
2020-12-21,3316.0
2020-12-22,2363.0
2020-12-23,2684.0
2020-12-24,731.0
2020-12-25,533.0
2020-12-26,633.0
2020-12-27,669.0
2020-12-28,1770.0
2020-12-29,1721.0
2020-12-30,2337.0
2020-12-31,1132.0
2021-01-01,681.0
2021-01-02,1593.0
2021-01-03,636.0
2021-01-04,2468.0
2021-01-05,2472.0
2021-01-06,849.0
2021-01-07,2663.0
2021-01-08,2213.0
2021-01-09,1814.0
2021-01-10,1022.0
2021-01-11,3139.0
2021-01-12,2054.0
2021-01-13,3178.0
2021-01-14,2885.0
2021-01-15,3235.0
2021-01-16,1933.0
2021-01-17,760.0
2021-01-18,3182.0
2021-01-19,2961.0
2021-01-20,3404.0
2021-01-21,3022.0
2021-01-22,2728.0
2021-01-23,2241.0
2021-01-24,1078.0
2021-01-25,2639.0
2021-01-26,2967.0
2021-01-27,2713.0
2021-01-28,2439.0
2021-01-29,2837.0
2021-01-30,1472.0
2021-01-31,1072.0
2021-02-01,2704.0
2021-02-02,2919.0
2021-02-03,2561.0
2021-02-04,4044.0
2021-02-05,3055.0
2021-02-06,2407.0
2021-02-07,1162.0
2021-02-08,2510.0
2021-02-09,2511.0
2021-02-10,1469.0
2021-02-11,1858.0
2021-02-12,2078.0
2021-02-13,1311.0
2021-02-14,844.0
2021-02-15,2519.0
2021-02-16,3137.0
2021-02-17,3476.0
2021-02-18,3575.0
2021-02-19,3932.0
2021-02-20,2811.0
2021-02-21,1992.0
2021-02-22,4127.0
2021-02-23,4446.0
2021-02-24,4496.0
2021-02-25,4462.0
2021-02-26,4055.0
2021-02-27,2862.0
2021-02-28,1600.0
2021-03-01,4266.0
2021-03-02,4652.0
2021-03-03,4387.0
2021-03-04,4146.0
2021-03-05,3776.0
2021-03-06,2738.0
2021-03-07,1591.0
2021-03-08,4522.0
2021-03-09,4284.0
2021-03-10,4382.0
2021-03-11,3089.0
2021-03-12,4395.0
2021-03-13,1696.0
2021-03-14,1099.0
2021-03-15,3692.0
2021-03-16,4080.0
2021-03-17,3835.0
2021-03-18,4369.0
2021-03-19,3628.0
2021-03-20,3127.0
2021-03-21,1158.0
2021-03-22,4092.0
2021-03-23,4128.0
2021-03-24,4565.0
2021-03-25,4625.0
2021-03-26,4875.0
2021-03-27,2818.0
2021-03-28,2053.0
2021-03-29,5079.0
2021-03-30,5550.0
2021-03-31,5565.0
2021-04-01,5612.0
2021-04-02,1790.0
2021-04-03,2953.0
2021-04-04,1286.0
2021-04-05,820.0
2021-04-06,3193.0
2021-04-07,3017.0
2021-04-08,3857.0
2021-04-09,4302.0
2021-04-10,3082.0
2021-04-11,1472.0
2021-04-12,3850.0
2021-04-13,4335.0
2021-04-14,4207.0
2021-04-15,4383.0
2021-04-16,4079.0
2021-04-17,2963.0
2021-04-18,1571.0
2021-04-19,3917.0
2021-04-20,4754.0
2021-04-21,4973.0
2021-04-22,4979.0
2021-04-23,5061.0
2021-04-24,3685.0
2021-04-25,2257.0
2021-04-26,4840.0
2021-04-27,5084.0
2021-04-28,5205.0
2021-04-29,4434.0
2021-04-30,4020.0
2021-05-01,1827.0
2021-05-02,1552.0
2021-05-03,5162.0
2021-05-04,3723.0
2021-05-05,4169.0
2021-05-06,3582.0
2021-05-07,4774.0
2021-05-08,3691.0
2021-05-09,2297.0
2021-05-10,4287.0
2021-05-11,4013.0
2021-05-12,5209.0
2021-05-13,1967.0
2021-05-14,4629.0
2021-05-15,3314.0
2021-05-16,1701.0
2021-05-17,3488.0
2021-05-18,4282.0
2021-05-19,4880.0
2021-05-20,5210.0
2021-05-21,5187.0
2021-05-22,4300.0
2021-05-23,2018.0
2021-05-24,2218.0
2021-05-25,4198.0
2021-05-26,3123.0
2021-05-27,4862.0
2021-05-28,5539.0
2021-05-29,4618.0
2021-05-30,2803.0
2021-05-31,5842.0
2021-06-01,6435.0
2021-06-02,6474.0
2021-06-03,2888.0
2021-06-04,5821.0
2021-06-05,3997.0
2021-06-06,1697.0
2021-06-07,5370.0
2021-06-08,6292.0
2021-06-09,6455.0
2021-06-10,7294.0
2021-06-11,7422.0
2021-06-12,5680.0
2021-06-13,3115.0
2021-06-14,7220.0
2021-06-15,7824.0
2021-06-16,7768.0
2021-06-17,7509.0
2021-06-18,7657.0
2021-06-19,5539.0
2021-06-20,2759.0
2021-06-21,7288.0
2021-06-22,5884.0
2021-06-23,6884.0
2021-06-24,6434.0
2021-06-25,6521.0
2021-06-26,5824.0
2021-06-27,3005.0
2021-06-28,6667.0
2021-06-29,6008.0
2021-06-30,5493.0
2021-07-01,6487.0
2021-07-02,7869.0
2021-07-03,6005.0
2021-07-04,2811.0
2021-07-05,6639.0
2021-07-06,5269.0
2021-07-07,7941.0
2021-07-08,5786.0
2021-07-09,6538.0
2021-07-10,5987.0
2021-07-11,3334.0
2021-07-12,7404.0
2021-07-13,4371.0
2021-07-14,5827.0
2021-07-15,6623.0
2021-07-16,7404.0
2021-07-17,5564.0
2021-07-18,3355.0
2021-07-19,7582.0
2021-07-20,7750.0
2021-07-21,7925.0
2021-07-22,7901.0
2021-07-23,7714.0
2021-07-24,5409.0
2021-07-25,3059.0
2021-07-26,6974.0
2021-07-27,7533.0
2021-07-28,7307.0
2021-07-29,7617.0
2021-07-30,7602.0
2021-07-31,5776.0
2021-08-01,2588.0
2021-08-02,6221.0
2021-08-03,5072.0
2021-08-04,6792.0
2021-08-05,6683.0
2021-08-06,5884.0
2021-08-07,4479.0
2021-08-08,2444.0
2021-08-09,6393.0
2021-08-10,6558.0
2021-08-11,6655.0
2021-08-12,6731.0
2021-08-13,6126.0
2021-08-14,4946.0
2021-08-15,2539.0
2021-08-16,5293.0
2021-08-17,5688.0
2021-08-18,5471.0
2021-08-19,6025.0
2021-08-20,6268.0
2021-08-21,5170.0
2021-08-22,1501.0
2021-08-23,5469.0
2021-08-24,5928.0
2021-08-25,6248.0
2021-08-26,4773.0
2021-08-27,5637.0
2021-08-28,3575.0
2021-08-29,1378.0
2021-08-30,4445.0
2021-08-31,5895.0
2021-09-01,6415.0
2021-09-02,6407.0
2021-09-03,6373.0
2021-09-04,5666.0
2021-09-05,3052.0
2021-09-06,6675.0
2021-09-07,6945.0
2021-09-08,7026.0
2021-09-09,6868.0
2021-09-10,6241.0
2021-09-11,5618.0
2021-09-12,3140.0
2021-09-13,7043.0
2021-09-14,7246.0
2021-09-15,5695.0
2021-09-16,5607.0
2021-09-17,7432.0
2021-09-18,5824.0
2021-09-19,2823.0
2021-09-20,6747.0
2021-09-21,6996.0
2021-09-22,7638.0
2021-09-23,7278.0
2021-09-24,8830.0
2021-09-25,6567.0
2021-09-26,2459.0
2021-09-27,6740.0
2021-09-28,7218.0
2021-09-29,5859.0
2021-09-30,7282.0
2021-10-01,7512.0
2021-10-02,5713.0
2021-10-03,2418.0
2021-10-04,4780.0
2021-10-05,6250.0
2021-10-06,6017.0
2021-10-07,4835.0
2021-10-08,6956.0
2021-10-09,5366.0
2021-10-10,3475.0
2021-10-11,6248.0
2021-10-12,5379.0
2021-10-13,6070.0
2021-10-14,6707.0
2021-10-15,6822.0
2021-10-16,4884.0
2021-10-17,2198.0
2021-10-18,6683.0
2021-10-19,6186.0
2021-10-20,6523.0
2021-10-21,5171.0
2021-10-22,6861.0
2021-10-23,5106.0
2021-10-24,2524.0
2021-10-25,6461.0
2021-10-26,6424.0
2021-10-27,6825.0
2021-10-28,6746.0
2021-10-29,6684.0
2021-10-30,3342.0
2021-10-31,2459.0
2021-11-01,1988.0
2021-11-02,4875.0
2021-11-03,4779.0
2021-11-04,4445.0
2021-11-05,5453.0
2021-11-06,4436.0
2021-11-07,1900.0
2021-11-08,6218.0
2021-11-09,6410.0
2021-11-10,6273.0
2021-11-11,6084.0
2021-11-12,5577.0
2021-11-13,3153.0
2021-11-14,2010.0
2021-11-15,5840.0
2021-11-16,5857.0
2021-11-17,5954.0
2021-11-18,6126.0
2021-11-19,5969.0
2021-11-20,4137.0
2021-11-21,1822.0
2021-11-22,5333.0
2021-11-23,6327.0
2021-11-24,6136.0
2021-11-25,5902.0
2021-11-26,5760.0
2021-11-27,3311.0
2021-11-28,1890.0
2021-11-29,4865.0
2021-11-30,3826.0
2021-12-01,4965.0
2021-12-02,5172.0
2021-12-03,5736.0
2021-12-04,2614.0
2021-12-05,1752.0
2021-12-06,5007.0
2021-12-07,5439.0
2021-12-08,5320.0
2021-12-09,5122.0
2021-12-10,4903.0
2021-12-11,3653.0
2021-12-12,1798.0
2021-12-13,5381.0
2021-12-14,5419.0
2021-12-15,5642.0
2021-12-16,5878.0
2021-12-17,5712.0
2021-12-18,3722.0
2021-12-19,1522.0
2021-12-20,5588.0
2021-12-21,5291.0
2021-12-22,4715.0
2021-12-23,3799.0
2021-12-24,1096.0
2021-12-25,490.0
2021-12-26,550.0
2021-12-27,2665.0
2021-12-28,1986.0
2021-12-29,2573.0
2021-12-30,3183.0
2021-12-31,2352.0
2022-01-01,1049.0
2022-01-02,1237.0
2022-01-03,3518.0
2022-01-04,1567.0
2022-01-05,1920.2
2022-01-06,1354.0
2022-01-07,3387.0
2022-01-08,2770.0
2022-01-09,1256.0
2022-01-10,3521.3636363636365
2022-01-11,4662.0
2022-01-12,4868.0
2022-01-13,4767.0
2022-01-14,4674.0
2022-01-15,3071.0
2022-01-16,1386.0
2022-01-17,4246.363636363636
2022-01-18,4655.0
2022-01-19,4664.0
2022-01-20,4591.0
2022-01-21,4553.0
2022-01-22,3250.0
2022-01-23,1520.0
2022-01-24,4620.0
2022-01-25,4402.0
2022-01-26,4198.0
2022-01-27,4301.0
2022-01-28,4554.0
2022-01-29,2858.0
2022-01-30,1638.0
2022-01-31,3833.0
2022-02-01,3807.0
2022-02-02,4645.0
2022-02-03,4940.0
2022-02-04,4586.0
2022-02-05,3556.0
2022-02-06,875.0
2022-02-07,4552.0
2022-02-08,4621.0
2022-02-09,5090.0
2022-02-10,4911.0
2022-02-11,4781.0
2022-02-12,3712.0
2022-02-13,1916.0
2022-02-14,4341.0
2022-02-15,4752.0
2022-02-16,3990.0
2022-02-17,4351.0
2022-02-18,4339.0
2022-02-19,3563.0
2022-02-20,1385.0
2022-02-21,3678.0
2022-02-22,4436.0
2022-02-23,5289.0
2022-02-24,4816.0
2022-02-25,4499.9
2022-02-26,3110.2
2022-02-27,1489.9
2022-02-28,4305.0
2022-03-01,4609.0
2022-03-02,4222.0
2022-03-03,4201.0
2022-03-04,4513.0
2022-03-05,3535.0
2022-03-06,1977.0
2022-03-07,4554.0
2022-03-08,4911.0
2022-03-09,4950.0
2022-03-10,5188.0
2022-03-11,5425.0
2022-03-12,4206.0
2022-03-13,2355.0
2022-03-14,5032.0
2022-03-15,3839.0
2022-03-16,5210.0
2022-03-17,4762.0
2022-03-18,5212.0
2022-03-19,4104.0
2022-03-20,2246.0
2022-03-21,5365.0
2022-03-22,5609.0
2022-03-23,5922.0
2022-03-24,5698.0
2022-03-25,6590.0
2022-03-26,4543.0
2022-03-27,2635.0
2022-03-28,5669.0
2022-03-29,5635.0
2022-03-30,4135.0
2022-03-31,3924.0
2022-04-01,4014.0
2022-04-02,2079.0
2022-04-03,1560.0
2022-04-04,4868.0
2022-04-05,4426.0
2022-04-06,5426.0
2022-04-07,3404.0
2022-04-08,2831.0
2022-04-09,3291.0
2022-04-10,1702.0
2022-04-11,5667.0
2022-04-12,6315.0
2022-04-13,6489.0
2022-04-14,6154.0
2022-04-15,2121.0
2022-04-16,3613.0
2022-04-17,1453.0
2022-04-18,1886.0
2022-04-19,5458.0
2022-04-20,5654.0
2022-04-21,5811.0
2022-04-22,5760.0
2022-04-23,4190.0
2022-04-24,1112.0
2022-04-25,5227.0
2022-04-26,4842.0
2022-04-27,6233.0
2022-04-28,6541.0
2022-04-29,6537.0
2022-04-30,3378.0
2022-05-01,2392.0
2022-05-02,6238.0
2022-05-03,5897.0
2022-05-04,6203.0
2022-05-05,5462.0
2022-05-06,6468.0
2022-05-07,5478.0
2022-05-08,3743.0
2022-05-09,6353.0
2022-05-10,6700.0
2022-05-11,7009.0
2022-05-12,6890.0
2022-05-13,6738.0
2022-05-14,5437.0
2022-05-15,2928.0
2022-05-16,6020.0
2022-05-17,7114.0
2022-05-18,7090.0
2022-05-19,6862.0
2022-05-20,6092.0
2022-05-21,5309.0
2022-05-22,2767.0
2022-05-23,5391.0
2022-05-24,6173.0
2022-05-25,7411.0
2022-05-26,2737.0
2022-05-27,5443.0
2022-05-28,4341.0
2022-05-29,2035.0
2022-05-30,6836.0
2022-05-31,6937.0
2022-06-01,6874.0
2022-06-02,6591.0
2022-06-03,6006.0
2022-06-04,3917.0
2022-06-05,1708.0
2022-06-06,1882.0
2022-06-07,4798.0
2022-06-08,4433.0
2022-06-09,4597.0
2022-06-10,5392.0
2022-06-11,4078.0
2022-06-12,2245.0
2022-06-13,5566.0
2022-06-14,5696.0
2022-06-15,5861.0
2022-06-16,2554.0
2022-06-17,5386.0
2022-06-18,3700.0
2022-06-19,1947.0
2022-06-20,5853.0
2022-06-21,6371.0
2022-06-22,5406.0
2022-06-23,6427.0
2022-06-24,5181.0
2022-06-25,4807.0
2022-06-26,2422.0
2022-06-27,4453.0
2022-06-28,6383.0
2022-06-29,6554.0
2022-06-30,5935.0
2022-07-01,5309.0
2022-07-02,5074.0
2022-07-03,2484.0
2022-07-04,6346.0
2022-07-05,6578.0
2022-07-06,6611.0
2022-07-07,6235.0
2022-07-08,6408.0
2022-07-09,4892.0
2022-07-10,2410.0
2022-07-11,6271.0
2022-07-12,6802.0
2022-07-13,6583.0
2022-07-14,6501.0
2022-07-15,6170.0
2022-07-16,4589.0
2022-07-17,2512.0
2022-07-18,6185.0
2022-07-19,5797.0
2022-07-20,5883.0
2022-07-21,6692.0
2022-07-22,6439.0
2022-07-23,4801.0
2022-07-24,2879.0
2022-07-25,5550.0
2022-07-26,6191.0
2022-07-27,6453.0
2022-07-28,6204.0
2022-07-29,5911.0
2022-07-30,4403.0
2022-07-31,2227.0
2022-08-01,5416.0
2022-08-02,5682.0
2022-08-03,5159.0
2022-08-04,4961.0
2022-08-05,4986.0
2022-08-06,4755.0
2022-08-07,2204.0
2022-08-08,5031.0
2022-08-09,5446.0
2022-08-10,5220.0
2022-08-11,5048.0
2022-08-12,5061.0
2022-08-13,3792.0
2022-08-14,1825.0
2022-08-15,4595.0
2022-08-16,5149.0
2022-08-17,4642.0
2022-08-18,4350.0
2022-08-19,4561.0
2022-08-20,3611.0
2022-08-21,2013.0
2022-08-22,4389.0
2022-08-23,4694.0
2022-08-24,4589.0
2022-08-25,4455.0
2022-08-26,4052.0
2022-08-27,2067.0
2022-08-28,1845.0
2022-08-29,4712.0
2022-08-30,4899.0
2022-08-31,3986.0
2022-09-01,5537.0
2022-09-02,5473.0
2022-09-03,3189.0
2022-09-04,2223.0
2022-09-05,5645.0
2022-09-06,5712.0
2022-09-07,5597.0
2022-09-08,4636.0
2022-09-09,4564.0
2022-09-10,3571.0
2022-09-11,2682.0
2022-09-12,5990.0
2022-09-13,6278.0
2022-09-14,4709.0
2022-09-15,4473.0
2022-09-16,5107.0
2022-09-17,3398.0
2022-09-18,1778.0
2022-09-19,5603.0
2022-09-20,5668.0
2022-09-21,5915.0
2022-09-22,6034.0
2022-09-23,5989.0
2022-09-24,3660.0
2022-09-25,1571.0
2022-09-26,4797.0
2022-09-27,4493.0
2022-09-28,5090.0
2022-09-29,5533.0
2022-09-30,5578.0
2022-10-01,2201.0
2022-10-02,812.0
2022-10-03,1978.0
2022-10-04,6266.0
2022-10-05,6181.0
2022-10-06,5886.0
2022-10-07,6052.0
2022-10-08,4764.0
2022-10-09,3268.0
2022-10-10,5753.0
2022-10-11,6090.0
2022-10-12,6137.0
2022-10-13,5858.0
2022-10-14,4989.0
2022-10-15,2826.0
2022-10-16,2241.0
2022-10-17,6150.0
2022-10-18,5922.0
2022-10-19,6050.0
2022-10-20,5610.0
2022-10-21,4523.0
2022-10-22,4417.0
2022-10-23,2327.0
2022-10-24,5409.0
2022-10-25,6265.0
2022-10-26,6404.0
2022-10-27,6803.0
2022-10-28,6668.0
2022-10-29,4632.0
2022-10-30,2347.0
2022-10-31,5739.0
2022-11-01,2273.0
2022-11-02,5931.0
2022-11-03,5436.0
2022-11-04,5125.0
2022-11-05,3736.0
2022-11-06,1985.0
2022-11-07,5942.0
2022-11-08,6223.0
2022-11-09,4767.0
2022-11-10,6194.0
2022-11-11,5718.0
2022-11-12,3893.0
2022-11-13,2150.0
2022-11-14,5429.0
2022-11-15,5658.0
2022-11-16,5928.0
2022-11-17,5085.0
2022-11-18,4599.0
2022-11-19,2902.0
2022-11-20,1590.0
2022-11-21,5268.0
2022-11-22,5485.0
2022-11-23,5560.0
2022-11-24,5567.0
2022-11-25,5641.0
2022-11-26,3860.0
2022-11-27,1924.0
2022-11-28,5055.0
2022-11-29,4988.0
2022-11-30,5758.0
2022-12-01,5806.0
2022-12-02,4866.0
2022-12-03,3375.0
2022-12-04,1603.0
2022-12-05,5313.0
2022-12-06,5402.0
2022-12-07,5451.0
2022-12-08,5470.0
2022-12-09,5193.0
2022-12-10,3171.0
2022-12-11,1759.0
2022-12-12,4943.0
2022-12-13,4714.0
2022-12-14,3788.0
2022-12-15,4196.0
2022-12-16,3973.0
2022-12-17,2435.0
2022-12-18,1227.0
2022-12-19,4858.0
2022-12-20,5627.0
2022-12-21,5184.0
2022-12-22,3816.0
2022-12-23,3502.0
2022-12-24,1244.0
2022-12-25,620.0
2022-12-26,462.0
2022-12-27,2638.0
2022-12-28,2806.0
2022-12-29,2421.0
2022-12-30,2980.0
2022-12-31,2011.0
2023-01-01,1160.0
2023-01-02,2996.0
2023-01-03,3635.0
2023-01-04,3265.0
2023-01-05,3751.0
2023-01-06,1574.0
2023-01-07,3591.0
2023-01-08,1353.0
2023-01-09,4412.0
2023-01-10,5136.0
2023-01-11,4109.0
2023-01-12,4652.0
2023-01-13,4230.0
2023-01-14,3255.0
2023-01-15,1479.0
2023-01-16,4075.0
2023-01-17,4909.0
2023-01-18,4350.0
2023-01-19,4529.0
2023-01-20,4465.0
2023-01-21,2797.0
2023-01-22,1304.0
2023-01-23,4224.0
2023-01-24,4603.0
2023-01-25,4574.0
2023-01-26,4545.0
2023-01-27,4395.0
2023-01-28,2879.0
2023-01-29,1506.0
2023-01-30,3778.0
2023-01-31,4436.142857142857
2023-02-01,4271.0
2023-02-02,4553.0
2023-02-03,4462.0
2023-02-04,3382.0
2023-02-05,1057.0
2023-02-06,4535.0
2023-02-07,4670.0
2023-02-08,4557.0
2023-02-09,4668.0
2023-02-10,4604.0
2023-02-11,3241.0
2023-02-12,1725.0
2023-02-13,4924.0
2023-02-14,4714.0
2023-02-15,4673.0
2023-02-16,4828.0
2023-02-17,4445.0
2023-02-18,3201.0
2023-02-19,1545.0
2023-02-20,4329.0
2023-02-21,3852.0
2023-02-22,4946.0
2023-02-23,4721.0
2023-02-24,4681.0
2023-02-25,3093.0
2023-02-26,1397.0
2023-02-27,4284.0
2023-02-28,4541.0
2023-03-01,4574.0
2023-03-02,4924.0
2023-03-03,5741.0
2023-03-04,3121.75
2023-03-05,1470.0
2023-03-06,4425.0
2023-03-07,4438.4
2023-03-08,3624.0
2023-03-09,4378.0
2023-03-10,3057.0
2023-03-11,3552.0
2023-03-12,1719.0
2023-03-13,4585.0
2023-03-14,4356.0
2023-03-15,5183.0
2023-03-16,5387.0
2023-03-17,5482.0
2023-03-18,4144.0
2023-03-19,1792.0
2023-03-20,5073.0
2023-03-21,5343.0
2023-03-22,6326.0
2023-03-23,5129.0
2023-03-24,4553.0
2023-03-25,3104.0
2023-03-26,1364.0
2023-03-27,5384.0
2023-03-28,6273.0
2023-03-29,5532.0
2023-03-30,4368.0
2023-03-31,4127.0
2023-04-01,2017.0
2023-04-02,1491.0
2023-04-03,4876.0
2023-04-04,5248.0
2023-04-05,5441.0
2023-04-06,5093.0
2023-04-07,1322.0
2023-04-08,3086.0
2023-04-09,1195.0
2023-04-10,1521.0
2023-04-11,4533.0
2023-04-12,3621.0
2023-04-13,4447.0
2023-04-14,5262.0
2023-04-15,3362.0
2023-04-16,1220.0
2023-04-17,5086.0
2023-04-18,5887.0
2023-04-19,5803.0
2023-04-20,5724.0
2023-04-21,5848.0
2023-04-22,4882.0
2023-04-23,3200.0
2023-04-24,5314.0
2023-04-25,4631.0
2023-04-26,6517.0
2023-04-27,6428.0
2023-04-28,4739.0
2023-04-29,3903.0
2023-04-30,2299.0
2023-05-01,2144.0
2023-05-02,6383.0
2023-05-03,6951.0
2023-05-04,7089.0
2023-05-05,5824.0
2023-05-06,5030.0
2023-05-07,2472.0
2023-05-08,5342.0
2023-05-09,5442.0
2023-05-10,6236.0
2023-05-11,6180.0
2023-05-12,5678.0
2023-05-13,4664.0
2023-05-14,2562.0
2023-05-15,5874.0
2023-05-16,5809.0
2023-05-17,6690.0
2023-05-18,2498.0
2023-05-19,5564.0
2023-05-20,4451.0
2023-05-21,2589.0
2023-05-22,6300.0
2023-05-23,6209.0
2023-05-24,6754.0
2023-05-25,6789.0
2023-05-26,6429.0
2023-05-27,4296.0
2023-05-28,2212.0
2023-05-29,2294.0
2023-05-30,5675.0
2023-05-31,6091.0
2023-06-01,5821.0
2023-06-02,5500.0
2023-06-03,4128.0
2023-06-04,2404.0
2023-06-05,5955.0
2023-06-06,6264.0
2023-06-07,6716.0
2023-06-08,2165.0
2023-06-09,5674.0
2023-06-10,4269.0
2023-06-11,2274.0
2023-06-12,6707.0
2023-06-13,7084.0
2023-06-14,7277.0
2023-06-15,7091.0
2023-06-16,6874.0
2023-06-17,5004.0
2023-06-18,2521.0
2023-06-19,6696.0
2023-06-20,6789.0
2023-06-21,6855.0
2023-06-22,6742.0
2023-06-23,6584.0
2023-06-24,4727.0
2023-06-25,2572.0
2023-06-26,6748.0
2023-06-27,7461.0
2023-06-28,7637.0
2023-06-29,7405.0
2023-06-30,5924.0
2023-07-01,4975.0
2023-07-02,2566.0
2023-07-03,6727.0
2023-07-04,7157.0
2023-07-05,6707.0
2023-07-06,7221.0
2023-07-07,6814.0
2023-07-08,4732.0
2023-07-09,2159.0
2023-07-10,6886.0
2023-07-11,6390.0
2023-07-12,6979.0
2023-07-13,7392.0
2023-07-14,6738.0
2023-07-15,4562.0
2023-07-16,2569.0
2023-07-17,6867.0
2023-07-18,7189.0
2023-07-19,7524.0
2023-07-20,7354.0
2023-07-21,6613.0
2023-07-22,5156.0
2023-07-23,2795.0
2023-07-24,5698.0
2023-07-25,3908.0
2023-07-26,6284.0
2023-07-27,5594.0
2023-07-28,4760.0
2023-07-29,4058.0
2023-07-30,2203.0
2023-07-31,5911.0
2023-08-01,4671.0
2023-08-02,3482.0
2023-08-03,5037.0
2023-08-04,4427.0
2023-08-05,4566.0
2023-08-06,1448.0
2023-08-07,5211.0
2023-08-08,5836.0
2023-08-09,5422.0
2023-08-10,5795.0
2023-08-11,5688.0
2023-08-12,3991.0
2023-08-13,2288.0
2023-08-14,5270.0
2023-08-15,5683.0
2023-08-16,5368.0
2023-08-17,5367.0
2023-08-18,5191.0
2023-08-19,3928.0
2023-08-20,1876.0
2023-08-21,4927.0
2023-08-22,5234.0
2023-08-23,5223.0
2023-08-24,4679.0
2023-08-25,4034.0
2023-08-26,3569.0
2023-08-27,1910.0
2023-08-28,4793.0
2023-08-29,4823.0
2023-08-30,5496.0
2023-08-31,5132.0
2023-09-01,5104.0
2023-09-02,4270.0
2023-09-03,2291.0
2023-09-04,5687.0
2023-09-05,6033.0
2023-09-06,5946.0
2023-09-07,6187.0
2023-09-08,6172.0
2023-09-09,5112.0
2023-09-10,2682.0
2023-09-11,6381.0
2023-09-12,6398.0
2023-09-13,6097.0
2023-09-14,6568.0
2023-09-15,6918.0
2023-09-16,5145.0
2023-09-17,2688.0
2023-09-18,5296.0
2023-09-19,6065.0
2023-09-20,6421.0
2023-09-21,5493.0
2023-09-22,5397.0
2023-09-23,4710.0
2023-09-24,2580.0
2023-09-25,6182.0
2023-09-26,6223.0
2023-09-27,6457.0
2023-09-28,6474.0
2023-09-29,6186.0
2023-09-30,4643.0
2023-10-01,2375.0
2023-10-02,5588.0
2023-10-03,2144.0
2023-10-04,6350.0
2023-10-05,6210.0
2023-10-06,6078.0
2023-10-07,4481.0
2023-10-08,2355.0
2023-10-09,6366.0
2023-10-10,6567.0
2023-10-11,6611.0
2023-10-12,6244.0
2023-10-13,6714.0
2023-10-14,3374.0
2023-10-15,3411.0
2023-10-16,5583.0
2023-10-17,5751.0
2023-10-18,5687.0
2023-10-19,4979.0
2023-10-20,4952.0
2023-10-21,4487.0
2023-10-22,2495.0
2023-10-23,5350.0
2023-10-24,4127.0
2023-10-25,4509.0
2023-10-26,4974.0
2023-10-27,4768.0
2023-10-28,3208.0
2023-10-29,1176.0
2023-10-30,4411.0
2023-10-31,4874.0
2023-11-01,2139.0
2023-11-02,3882.0
2023-11-03,4770.0
2023-11-04,2751.0
2023-11-05,1256.0
2023-11-06,4964.0
2023-11-07,5082.0
2023-11-08,5676.0
2023-11-09,4614.0
2023-11-10,4764.0
2023-11-11,3397.0
2023-11-12,1406.0
2023-11-13,3410.0
2023-11-14,5101.0
2023-11-15,4996.0
2023-11-16,4252.0
2023-11-17,4509.0
2023-11-18,3288.0
2023-11-19,1879.0
2023-11-20,4907.0
2023-11-21,4456.0
2023-11-22,5182.0
2023-11-23,5114.0
2023-11-24,4286.0
2023-11-25,2712.0
2023-11-26,1677.0
2023-11-27,4132.0
2023-11-28,4553.0
2023-11-29,4773.0
2023-11-30,5065.0
2023-12-01,4111.0
2023-12-02,2395.0
2023-12-03,1461.0
2023-12-04,4057.0
2023-12-05,4396.0
2023-12-06,4743.0
2023-12-07,5221.0
2023-12-08,4316.0
2023-12-09,2620.0
2023-12-10,1732.0
2023-12-11,5245.0
2023-12-12,4454.0
2023-12-13,4792.0
2023-12-14,4943.0
2023-12-15,4880.0
2023-12-16,3156.0
2023-12-17,1789.0
2023-12-18,5483.0
2023-12-19,5663.0
2023-12-20,5504.0
2023-12-21,4087.0
2023-12-22,3840.0
2023-12-23,2501.0
2023-12-24,524.0
2023-12-25,528.0
2023-12-26,671.0
2023-12-27,2693.0
2023-12-28,2194.0
2023-12-29,3052.0
2023-12-30,2644.0
2023-12-31,765.0
2024-01-01,894.0
2024-01-02,1631.0
2024-01-03,2553.0
2024-01-04,3188.0
2024-01-05,3754.0
2024-01-06,1300.0
2024-01-07,1293.0
2024-01-08,4200.0
2024-01-09,4109.0
2024-01-10,4189.0
2024-01-11,3982.0
2024-01-12,3912.0
2024-01-13,2531.0
2024-01-14,1187.0
2024-01-15,3518.0
2024-01-16,4008.0
2024-01-17,2367.0
2024-01-18,2150.0
2024-01-19,2754.0
2024-01-20,2218.0
2024-01-21,994.0
2024-01-22,3398.0
2024-01-23,4427.0
2024-01-24,4124.0
2024-01-25,4594.0
